;01_002_1_0001_00002_1;;
frame;Coder_A (Sara);Coder_B (Jallysson);Encoding
1;Rest;Rest;1
2;Rest;Rest;1
3;Rest;Rest;1
4;Rest;Rest;1
5;Rest;Rest;1
6;Rest;Rest;1
7;Rest;Rest;1
8;Rest;Rest;1
9;Rest;Rest;1
10;Rest;Rest;1
11;Rest;Rest;1
12;Rest;Rest;1
13;Rest;Rest;1
14;Rest;Rest;1
15;Rest;Rest;1
16;Rest;Rest;1
17;Rest;Rest;1
18;Rest;Rest;1
19;Rest;Rest;1
20;Rest;Rest;1
21;Rest;Rest;1
22;Rest;Rest;1
23;Rest;Rest;1
24;Rest;Rest;1
25;Rest;Rest;1
26;Rest;Rest;1
27;Rest;Rest;1
28;Rest;Rest;1
29;Rest;Rest;1
30;Rest;Rest;1
31;Rest;Rest;1
32;Rest;Rest;1
33;Rest;Rest;1
34;Rest;Rest;1
35;Rest;Rest;1
36;Rest;Rest;1
37;Rest;Rest;1
38;Rest;Rest;1
39;Rest;Rest;1
40;Rest;Rest;1
41;Rest;Rest;1
42;Rest;Rest;1
43;Rest;Rest;1
44;Rest;Rest;1
45;Rest;Rest;1
46;Rest;Rest;1
47;Rest;Rest;1
48;Rest;Rest;1
49;Rest;Rest;1
50;Rest;Rest;1
51;Rest;Rest;1
52;Rest;Rest;1
53;Rest;Rest;1
54;Rest;Rest;1
55;Rest;Rest;1
56;Rest;Rest;1
57;Rest;Rest;1
58;Rest;Rest;1
59;Rest;Rest;1
60;Rest;Rest;1
61;Rest;Rest;1
62;Rest;Rest;1
63;Rest;Rest;1
64;Rest;Rest;1
65;Rest;Rest;1
66;Rest;Rest;1
67;Rest;Rest;1
68;Rest;Rest;1
69;Rest;Rest;1
70;Rest;Rest;1
71;Rest;Rest;1
72;Rest;Rest;1
73;Rest;Rest;1
74;Rest;Rest;1
75;Rest;Rest;1
76;Rest;Rest;1
77;Rest;Rest;1
78;Rest;Rest;1
79;Rest;Rest;1
80;Rest;Rest;1
81;Rest;Rest;1
82;Rest;Rest;1
83;Rest;Rest;1
84;Rest;Rest;1
85;Rest;Rest;1
86;Rest;Rest;1
87;Rest;Rest;1
88;Rest;Rest;1
89;Rest;Rest;1
90;Rest;Rest;1
91;Rest;Rest;1
92;Rest;Rest;1
93;Rest;Rest;1
94;Rest;Rest;1
95;Rest;Rest;1
96;Rest;Rest;1
97;Rest;Rest;1
98;Rest;Rest;1
99;Rest;Rest;1
100;Rest;Rest;1
101;Rest;Rest;1
102;Rest;Rest;1
103;Rest;Rest;1
104;Rest;Rest;1
105;Rest;Rest;1
106;Rest;Rest;1
107;Rest;Rest;1
108;Rest;Rest;1
109;Rest;Rest;1
110;Rest;Rest;1
111;Rest;Rest;1
112;Rest;Rest;1
113;Rest;Rest;1
114;Rest;Rest;1
115;Rest;Rest;1
116;Rest;Rest;1
117;Rest;Rest;1
118;Rest;Rest;1
119;Rest;Rest;1
120;Rest;Rest;1
121;Rest;Rest;1
122;Rest;Rest;1
123;Rest;Rest;1
124;Rest;Rest;1
125;Rest;Rest;1
126;Rest;Rest;1
127;Rest;Rest;1
128;Rest;Rest;1
129;Rest;Rest;1
130;Rest;Rest;1
131;Rest;Rest;1
132;Rest;Rest;1
133;Rest;Rest;1
134;Rest;Rest;1
135;Rest;Rest;1
136;Rest;Rest;1
137;Rest;Rest;1
138;Rest;Rest;1
139;Rest;Rest;1
140;Rest;Rest;1
141;Rest;Rest;1
142;Rest;Rest;1
143;Rest;Rest;1
144;Rest;Rest;1
145;Rest;Rest;1
146;Rest;Rest;1
147;Rest;Rest;1
148;Rest;Rest;1
149;Rest;Rest;1
150;Rest;Rest;1
151;Rest;Rest;1
152;Rest;Rest;1
153;Rest;Rest;1
154;Rest;Rest;1
155;Rest;Rest;1
156;Rest;Rest;1
157;Rest;Rest;1
158;Rest;Rest;1
159;Rest;Rest;1
160;Rest;Rest;1
161;Rest;Rest;1
162;Rest;Rest;1
163;Rest;Rest;1
164;Rest;Rest;1
165;Rest;Rest;1
166;Rest;Rest;1
167;Rest;Rest;1
168;Rest;Rest;1
169;Rest;Rest;1
170;Rest;Rest;1
171;Rest;Rest;1
172;Rest;Rest;1
173;Rest;Rest;1
174;Rest;Rest;1
175;Rest;Rest;1
176;Rest;Rest;1
177;Rest;Rest;1
178;Rest;Rest;1
179;Rest;Rest;1
180;Rest;Rest;1
181;Rest;Rest;1
182;Rest;Rest;1
183;Rest;Rest;1
184;Rest;Rest;1
185;Rest;Rest;1
186;Rest;Rest;1
187;Rest;Rest;1
188;Rest;Rest;1
189;Rest;Rest;1
190;Rest;Rest;1
191;Rest;Rest;1
192;Rest;Rest;1
193;Rest;Rest;1
194;Rest;Rest;1
195;Rest;Rest;1
196;Rest;Rest;1
197;Rest;Rest;1
198;Rest;Rest;1
199;Rest;Rest;1
200;Rest;Rest;1
201;Rest;Rest;1
202;Rest;Rest;1
203;Rest;Rest;1
204;Rest;Rest;1
205;Rest;Rest;1
206;Rest;Rest;1
207;Rest;Rest;1
208;Rest;Rest;1
209;Rest;Rest;1
210;Rest;Rest;1
211;Rest;Rest;1
212;Rest;Rest;1
213;Rest;Rest;1
214;Rest;Rest;1
215;Rest;Rest;1
216;Rest;Rest;1
217;Rest;Rest;1
218;Rest;Rest;1
219;Rest;Rest;1
220;Rest;Rest;1
221;Rest;Rest;1
222;Rest;Rest;1
223;Rest;Rest;1
224;Rest;Rest;1
225;Rest;Rest;1
226;Rest;Rest;1
227;Rest;Rest;1
228;Rest;Rest;1
229;Rest;Rest;1
230;Rest;Rest;1
231;Rest;Rest;1
232;Rest;Rest;1
233;Rest;Rest;1
234;Rest;Rest;1
235;Rest;Rest;1
236;Rest;Rest;1
237;Rest;Rest;1
238;Rest;Rest;1
239;Rest;Rest;1
240;Rest;Rest;1
241;Rest;Rest;1
242;Rest;Rest;1
243;Rest;Rest;1
244;Rest;Rest;1
245;Rest;Rest;1
246;Rest;Rest;1
247;Rest;Rest;1
248;Rest;Rest;1
249;Rest;Rest;1
250;Rest;Rest;1
251;Rest;Rest;1
252;Rest;Rest;1
253;Rest;Rest;1
254;Rest;Rest;1
255;Rest;Rest;1
256;Rest;Rest;1
257;Rest;Rest;1
258;Rest;Rest;1
259;Rest;Rest;1
260;Rest;Rest;1
261;Rest;Rest;1
262;Rest;Rest;1
263;Rest;Rest;1
264;Rest;Rest;1
265;Rest;Rest;1
266;Rest;Rest;1
267;Rest;Rest;1
268;Rest;Rest;1
269;Rest;Rest;1
270;Rest;Rest;1
271;Rest;Rest;1
272;Rest;Rest;1
273;Rest;Rest;1
274;Rest;Rest;1
275;Rest;Rest;1
276;Rest;Rest;1
277;Rest;Rest;1
278;Rest;Rest;1
279;Rest;Rest;1
280;Rest;Rest;1
281;Rest;Rest;1
282;Rest;Rest;1
283;Rest;Rest;1
284;Rest;Rest;1
285;Rest;Rest;1
286;Rest;Rest;1
287;Rest;Rest;1
288;Rest;Rest;1
289;Rest;Rest;1
290;Rest;Rest;1
291;Rest;Rest;1
292;Rest;Rest;1
293;Rest;Rest;1
294;Rest;Rest;1
295;Rest;Rest;1
296;Rest;Rest;1
297;Rest;Rest;1
298;Rest;Rest;1
299;Rest;Rest;1
300;Rest;Rest;1
301;Rest;Rest;1
302;Rest;Rest;1
303;Rest;Rest;1
304;Rest;Rest;1
305;Rest;Rest;1
306;Rest;Rest;1
307;Rest;Rest;1
308;Rest;Rest;1
309;Rest;Rest;1
310;Rest;Rest;1
311;Rest;Rest;1
312;Rest;Rest;1
313;Rest;Rest;1
314;Rest;Rest;1
315;Rest;Rest;1
316;Rest;Rest;1
317;Rest;Rest;1
318;Rest;Rest;1
319;Rest;Rest;1
320;Rest;Rest;1
321;Rest;Rest;1
322;Rest;Rest;1
323;Rest;Rest;1
324;Rest;Rest;1
325;Rest;Rest;1
326;Rest;Rest;1
327;Rest;Rest;1
328;Rest;Rest;1
329;Rest;Rest;1
330;Rest;Rest;1
331;Rest;Rest;1
332;Rest;Rest;1
333;Rest;Rest;1
334;Rest;Rest;1
335;Rest;Rest;1
336;Rest;Rest;1
337;Rest;Rest;1
338;Rest;Rest;1
339;Rest;Rest;1
340;Rest;Rest;1
341;Rest;Rest;1
342;Rest;Rest;1
343;Rest;Rest;1
344;Rest;Rest;1
345;Rest;Rest;1
346;Rest;Rest;1
347;Rest;Rest;1
348;Rest;Rest;1
349;Rest;Rest;1
350;Rest;Rest;1
351;Rest;Rest;1
352;Rest;Rest;1
353;Rest;Rest;1
354;Rest;Rest;1
355;Rest;Rest;1
356;Rest;Rest;1
357;Rest;Rest;1
358;Rest;Rest;1
359;Rest;Rest;1
360;Rest;Rest;1
361;Rest;Rest;1
362;Rest;Rest;1
363;Rest;Rest;1
364;Rest;Rest;1
365;Rest;Rest;1
366;Rest;Rest;1
367;Rest;Rest;1
368;Rest;Rest;1
369;Rest;Rest;1
370;Rest;Rest;1
371;Rest;Rest;1
372;Rest;Rest;1
373;Rest;Rest;1
374;Rest;Rest;1
375;Rest;Rest;1
376;Rest;Rest;1
377;Rest;Rest;1
378;Rest;Rest;1
379;Rest;Rest;1
380;Rest;Rest;1
381;Rest;Rest;1
382;Rest;Rest;1
383;Rest;Rest;1
384;Rest;Rest;1
385;Rest;Rest;1
386;Rest;Rest;1
387;Rest;Rest;1
388;Rest;Rest;1
389;Rest;Rest;1
390;Rest;Rest;1
391;Rest;Rest;1
392;Rest;Rest;1
393;Rest;Rest;1
394;Rest;Rest;1
395;Rest;Rest;1
396;Rest;Rest;1
397;Rest;Rest;1
398;Rest;Rest;1
399;Rest;Rest;1
400;Rest;Rest;1
401;Rest;Rest;1
402;Rest;Rest;1
403;Rest;Rest;1
404;Rest;Rest;1
405;Rest;Rest;1
406;Rest;Rest;1
407;Rest;Rest;1
408;Rest;Rest;1
409;Rest;Rest;1
410;Rest;Rest;1
411;Rest;Rest;1
412;Rest;Rest;1
413;Rest;Rest;1
414;Rest;Rest;1
415;Rest;Rest;1
416;Rest;Rest;1
417;Rest;Rest;1
418;Rest;Rest;1
419;Rest;Rest;1
420;Rest;Rest;1
421;Rest;Rest;1
422;Rest;Rest;1
423;Rest;Rest;1
424;Rest;Rest;1
425;Rest;Rest;1
426;Rest;Rest;1
427;Rest;Rest;1
428;Rest;Rest;1
429;Rest;Rest;1
430;Rest;Rest;1
431;Rest;Rest;1
432;Rest;Rest;1
433;Rest;Rest;1
434;Rest;Rest;1
435;Rest;Rest;1
436;Rest;Rest;1
437;Rest;Rest;1
438;Rest;Rest;1
439;Rest;Rest;1
440;Rest;Rest;1
441;Rest;Rest;1
442;Rest;Rest;1
443;Rest;Rest;1
444;Rest;Rest;1
445;Rest;Rest;1
446;Rest;Rest;1
447;Rest;Rest;1
448;Rest;Rest;1
449;Rest;Rest;1
450;Rest;Rest;1
451;Rest;Rest;1
452;Rest;Rest;1
453;Rest;Rest;1
454;Rest;Rest;1
455;Rest;Rest;1
456;Rest;Rest;1
457;Rest;Rest;1
458;Rest;Rest;1
459;Rest;Rest;1
460;Rest;Rest;1
461;Rest;Rest;1
462;Rest;Rest;1
463;Rest;Rest;1
464;Rest;Rest;1
465;Rest;Rest;1
466;Rest;Rest;1
467;Rest;Rest;1
468;Rest;Rest;1
469;Rest;Rest;1
470;Rest;Rest;1
471;Rest;Rest;1
472;Rest;Rest;1
473;Rest;Rest;1
474;Rest;Rest;1
475;Rest;Rest;1
476;Rest;Rest;1
477;Rest;Rest;1
478;Rest;Rest;1
479;Rest;Rest;1
480;Rest;Rest;1
481;Rest;Rest;1
482;Rest;Rest;1
483;Rest;Rest;1
484;Rest;Rest;1
485;Rest;Rest;1
486;Rest;Rest;1
487;Rest;Rest;1
488;Rest;Rest;1
489;Rest;Rest;1
490;Rest;Rest;1
491;Rest;Rest;1
492;Rest;Rest;1
493;Rest;Rest;1
494;Rest;Rest;1
495;Rest;Rest;1
496;Rest;Rest;1
497;Rest;Rest;1
498;Rest;Rest;1
499;Rest;Rest;1
500;Rest;Rest;1
501;Rest;Rest;1
502;Rest;Rest;1
503;Rest;Rest;1
504;Rest;Rest;1
505;Rest;Rest;1
506;Rest;Rest;1
507;Rest;Rest;1
508;Rest;Rest;1
509;Rest;Rest;1
510;Rest;Rest;1
511;Rest;Rest;1
512;Rest;Rest;1
513;Rest;Rest;1
514;Rest;Rest;1
515;Rest;Rest;1
516;Rest;Rest;1
517;Rest;Rest;1
518;Rest;Rest;1
519;Rest;Rest;1
520;Rest;Rest;1
521;Rest;Rest;1
522;Rest;Rest;1
523;Rest;Rest;1
524;Rest;Rest;1
525;Rest;Rest;1
526;Rest;Rest;1
527;Rest;Rest;1
528;Rest;Rest;1
529;Rest;Rest;1
530;Rest;Rest;1
531;Rest;Rest;1
532;Rest;Rest;1
533;Rest;Rest;1
534;Rest;Rest;1
535;Rest;Rest;1
536;Rest;Rest;1
537;Rest;Rest;1
538;Rest;Rest;1
539;Rest;Rest;1
540;Rest;Rest;1
541;Rest;Rest;1
542;Rest;Rest;1
543;Rest;Rest;1
544;Rest;Rest;1
545;Rest;Rest;1
546;Rest;Rest;1
547;Rest;Rest;1
548;Rest;Rest;1
549;Rest;Rest;1
550;Rest;Rest;1
551;Rest;Rest;1
552;Rest;Rest;1
553;Rest;Rest;1
554;Rest;Rest;1
555;Rest;Rest;1
556;Rest;Rest;1
557;Rest;Rest;1
558;Rest;Rest;1
559;Rest;Rest;1
560;Rest;Rest;1
561;Rest;Rest;1
562;Rest;Rest;1
563;Rest;Rest;1
564;Rest;Rest;1
565;Rest;Rest;1
566;Rest;Rest;1
567;Rest;Rest;1
568;Rest;Rest;1
569;Rest;Rest;1
570;Rest;Rest;1
571;Rest;Rest;1
572;Rest;Rest;1
573;Rest;Rest;1
574;Rest;Rest;1
575;Rest;Rest;1
576;Rest;Rest;1
577;Rest;Rest;1
578;Rest;Rest;1
579;Rest;Rest;1
580;Preparation;Rest;0
581;Preparation;Rest;0
582;Preparation;Rest;0
583;Preparation;Rest;0
584;Preparation;Rest;0
585;Preparation;Rest;0
586;Preparation;Rest;0
587;Preparation;Rest;0
588;Preparation;Rest;0
589;Preparation;Rest;0
590;Preparation;Rest;0
591;Preparation;Rest;0
592;Preparation;Rest;0
593;Preparation;Rest;0
594;Preparation;Rest;0
595;Preparation;Rest;0
596;Preparation;Rest;0
597;Stroke;Rest;0
598;Stroke;Rest;0
599;Stroke;Rest;0
600;Stroke;Rest;0
601;Stroke;Rest;0
602;Stroke;Rest;0
603;Stroke;Rest;0
604;Stroke;Rest;0
605;Stroke;Rest;0
606;Stroke;Rest;0
607;Stroke;Rest;0
608;Stroke;Rest;0
609;Stroke;Rest;0
610;Stroke;Rest;0
611;Stroke;Rest;0
612;Stroke;Rest;0
613;Stroke;Rest;0
614;Stroke;Rest;0
615;Stroke;Rest;0
616;Retraction;Rest;0
617;Retraction;Rest;0
618;Retraction;Rest;0
619;Retraction;Rest;0
620;Retraction;Rest;0
621;Retraction;Rest;0
622;Retraction;Rest;0
623;Retraction;Rest;0
624;Retraction;Rest;0
625;Retraction;Preparation;0
626;Retraction;Preparation;0
627;Retraction;Preparation;0
628;Retraction;Preparation;0
629;Retraction;Preparation;0
630;Preparation;Preparation;1
631;Preparation;Preparation;1
632;Preparation;Preparation;1
633;Preparation;Preparation;1
634;Preparation;Preparation;1
635;Preparation;Preparation;1
636;Preparation;Preparation;1
637;Preparation;Preparation;1
638;Preparation;Preparation;1
639;Preparation;Preparation;1
640;Preparation;Preparation;1
641;Preparation;Preparation;1
642;Preparation;Preparation;1
643;Preparation;Preparation;1
644;Preparation;Preparation;1
645;Preparation;Preparation;1
646;Preparation;Preparation;1
647;Preparation;Preparation;1
648;Preparation;Preparation;1
649;Preparation;Preparation;1
650;Preparation;Retraction;0
651;Preparation;Retraction;0
652;Preparation;Retraction;0
653;Preparation;Retraction;0
654;Preparation;Retraction;0
655;Preparation;Retraction;0
656;Preparation;Retraction;0
657;Preparation;Retraction;0
658;Hold;Retraction;0
659;Hold;Retraction;0
660;Hold;Retraction;0
661;Hold;Retraction;0
662;Hold;Retraction;0
663;Hold;Retraction;0
664;Hold;Retraction;0
665;Hold;Retraction;0
666;Hold;Retraction;0
667;Hold;Retraction;0
668;Hold;Retraction;0
669;Hold;Retraction;0
670;Hold;Retraction;0
671;Hold;Retraction;0
672;Hold;Retraction;0
673;Hold;Retraction;0
674;Hold;Retraction;0
675;Hold;Retraction;0
676;Hold;Retraction;0
677;Hold;Retraction;0
678;Hold;Retraction;0
679;Hold;Retraction;0
680;Hold;Retraction;0
681;Hold;Retraction;0
682;Hold;Retraction;0
683;Hold;Retraction;0
684;Hold;Retraction;0
685;Hold;Retraction;0
686;Hold;Retraction;0
687;Hold;Retraction;0
688;Hold;Rest;0
689;Hold;Rest;0
690;Hold;Rest;0
691;Hold;Rest;0
692;Hold;Rest;0
693;Hold;Rest;0
694;Hold;Rest;0
695;Hold;Rest;0
696;Hold;Rest;0
697;Hold;Rest;0
698;Hold;Rest;0
699;Hold;Rest;0
700;Hold;Rest;0
701;Hold;Rest;0
702;Hold;Rest;0
703;Hold;Rest;0
704;Hold;Rest;0
705;Hold;Rest;0
706;Hold;Rest;0
707;Hold;Rest;0
708;Hold;Rest;0
709;Hold;Preparation;0
710;Hold;Preparation;0
711;Hold;Preparation;0
712;Hold;Preparation;0
713;Preparation;Preparation;1
714;Preparation;Preparation;1
715;Preparation;Preparation;1
716;Preparation;Preparation;1
717;Preparation;Preparation;1
718;Preparation;Preparation;1
719;Preparation;Preparation;1
720;Preparation;Preparation;1
721;Preparation;Preparation;1
722;Preparation;Preparation;1
723;Preparation;Stroke;0
724;Preparation;Stroke;0
725;Stroke;Stroke;1
726;Stroke;Stroke;1
727;Stroke;Stroke;1
728;Stroke;Stroke;1
729;Stroke;Retraction;0
730;Stroke;Retraction;0
731;Stroke;Retraction;0
732;Stroke;Retraction;0
733;Stroke;Retraction;0
734;Stroke;Retraction;0
735;Stroke;Retraction;0
736;Stroke;Retraction;0
737;Stroke;Retraction;0
738;Retraction;Retraction;1
739;Retraction;Retraction;1
740;Retraction;Retraction;1
741;Retraction;Retraction;1
742;Retraction;Retraction;1
743;Retraction;Retraction;1
744;Retraction;Retraction;1
745;Rest;Retraction;0
746;Rest;Retraction;0
747;Rest;Retraction;0
748;Rest;Retraction;0
749;Rest;Retraction;0
750;Rest;Rest;1
751;Rest;Rest;1
752;Rest;Rest;1
753;Rest;Rest;1
754;Rest;Rest;1
755;Rest;Rest;1
756;Rest;Rest;1
757;Rest;Preparation;0
758;Rest;Preparation;0
759;Preparation;Preparation;1
760;Preparation;Preparation;1
761;Preparation;Preparation;1
762;Preparation;Preparation;1
763;Preparation;Preparation;1
764;Preparation;Preparation;1
765;Preparation;Preparation;1
766;Preparation;Stroke;0
767;Stroke;Stroke;1
768;Stroke;Stroke;1
769;Stroke;Stroke;1
770;Stroke;Stroke;1
771;Stroke;Stroke;1
772;Stroke;Stroke;1
773;Stroke;Stroke;1
774;Stroke;Stroke;1
775;Stroke;Stroke;1
776;Stroke;Stroke;1
777;Stroke;Stroke;1
778;Stroke;Stroke;1
779;Stroke;Stroke;1
780;Stroke;Stroke;1
781;Stroke;Stroke;1
782;Stroke;Stroke;1
783;Stroke;Hold;0
784;Stroke;Hold;0
785;Stroke;Hold;0
786;Stroke;Hold;0
787;Hold;Hold;1
788;Hold;Hold;1
789;Hold;Retraction;0
790;Hold;Retraction;0
791;Hold;Retraction;0
792;Hold;Retraction;0
793;Hold;Retraction;0
794;Hold;Retraction;0
795;Hold;Retraction;0
796;Hold;Retraction;0
797;Hold;Retraction;0
798;Hold;Retraction;0
799;Hold;Retraction;0
800;Hold;Retraction;0
801;Hold;Retraction;0
802;Retraction;Retraction;1
803;Retraction;Retraction;1
804;Retraction;Retraction;1
805;Retraction;Retraction;1
806;Retraction;Retraction;1
807;Retraction;Retraction;1
808;Retraction;Retraction;1
809;Retraction;Retraction;1
810;Retraction;Retraction;1
811;Retraction;Retraction;1
812;Retraction;Retraction;1
813;Retraction;Retraction;1
814;Retraction;Retraction;1
815;Retraction;Retraction;1
816;Retraction;Retraction;1
817;Retraction;Retraction;1
818;Rest;Rest;1
819;Rest;Rest;1
820;Rest;Rest;1
821;Rest;Rest;1
822;Rest;Rest;1
823;Rest;Preparation;0
824;Rest;Preparation;0
825;Preparation;Preparation;1
826;Preparation;Preparation;1
827;Preparation;Preparation;1
828;Preparation;Preparation;1
829;Preparation;Preparation;1
830;Hold;Hold;1
831;Hold;Hold;1
832;Hold;Hold;1
833;Hold;Hold;1
834;Preparation;Retraction;0
835;Preparation;Retraction;0
836;Preparation;Retraction;0
837;Preparation;Retraction;0
838;Preparation;Retraction;0
839;Preparation;Retraction;0
840;Preparation;Retraction;0
841;Preparation;Retraction;0
842;Preparation;Retraction;0
843;Preparation;Retraction;0
844;Preparation;Retraction;0
845;Preparation;Preparation;1
846;Preparation;Preparation;1
847;Preparation;Preparation;1
848;Preparation;Preparation;1
849;Preparation;Preparation;1
850;Stroke;Preparation;0
851;Stroke;Preparation;0
852;Stroke;Preparation;0
853;Stroke;Preparation;0
854;Stroke;Preparation;0
855;Stroke;Preparation;0
856;Stroke;Stroke;1
857;Stroke;Stroke;1
858;Stroke;Stroke;1
859;Stroke;Stroke;1
860;Stroke;Stroke;1
861;Stroke;Stroke;1
862;Stroke;Stroke;1
863;Stroke;Stroke;1
864;Stroke;Stroke;1
865;Stroke;Stroke;1
866;Stroke;Stroke;1
867;Stroke;Stroke;1
868;Stroke;Stroke;1
869;Stroke;Stroke;1
870;Stroke;Stroke;1
871;Stroke;Stroke;1
872;Stroke;Stroke;1
873;Stroke;Stroke;1
874;Stroke;Retraction;0
875;Stroke;Retraction;0
876;Retraction;Retraction;1
877;Retraction;Retraction;1
878;Retraction;Retraction;1
879;Retraction;Retraction;1
880;Retraction;Retraction;1
881;Retraction;Retraction;1
882;Retraction;Retraction;1
883;Retraction;Retraction;1
884;Retraction;Retraction;1
885;Retraction;Retraction;1
886;Retraction;Retraction;1
887;Rest;Retraction;0
888;Rest;Retraction;0
889;Rest;Retraction;0
890;Rest;Rest;1
891;Rest;Rest;1
892;Rest;Rest;1
893;Rest;Rest;1
894;Rest;Rest;1
895;Rest;Rest;1
896;Rest;Rest;1
897;Rest;Rest;1
898;Rest;Rest;1
899;Rest;Rest;1
900;Rest;Rest;1
901;Rest;Rest;1
902;Rest;Rest;1
903;Rest;Rest;1
904;Rest;Rest;1
905;Rest;Rest;1
906;Rest;Rest;1
907;Rest;Rest;1
908;Rest;Rest;1
909;Rest;Rest;1
910;Rest;Rest;1
911;Rest;Rest;1
912;Rest;Rest;1
913;Rest;Rest;1
914;Rest;Rest;1
915;Rest;Rest;1
916;Rest;Rest;1
917;Rest;Rest;1
918;Rest;Rest;1
919;Rest;Rest;1
920;Rest;Rest;1
921;Rest;Rest;1
922;Rest;Rest;1
923;Rest;Rest;1
924;Rest;Rest;1
925;Rest;Rest;1
926;Rest;Rest;1
927;Rest;Rest;1
928;Rest;Rest;1
929;Rest;Rest;1
930;Rest;Rest;1
931;Rest;Rest;1
932;Rest;Rest;1
933;Rest;Rest;1
934;Rest;Rest;1
935;Rest;Rest;1
936;Rest;Rest;1
937;Rest;Rest;1
938;Rest;Rest;1
939;Rest;Rest;1
940;Rest;Rest;1
941;Rest;Rest;1
942;Rest;Rest;1
943;Rest;Rest;1
944;Rest;Rest;1
945;Rest;Rest;1
946;Rest;Rest;1
947;Rest;Rest;1
948;Rest;Rest;1
949;Rest;Rest;1
950;Rest;Rest;1
951;Rest;Rest;1
952;Rest;Rest;1
953;Rest;Rest;1
954;Rest;Rest;1
955;Rest;Rest;1
956;Rest;Rest;1
957;Rest;Rest;1
958;Rest;Rest;1
959;Rest;Rest;1
960;Rest;Rest;1
961;Rest;Rest;1
962;Rest;Rest;1
963;Rest;Preparation;0
964;Rest;Preparation;0
965;Preparation;Preparation;1
966;Preparation;Preparation;1
967;Preparation;Preparation;1
968;Preparation;Preparation;1
969;Stroke;Stroke;1
970;Stroke;Stroke;1
971;Stroke;Stroke;1
972;Stroke;Stroke;1
973;Stroke;Stroke;1
974;Stroke;Stroke;1
975;Stroke;Stroke;1
976;Stroke;Stroke;1
977;Stroke;Stroke;1
978;Stroke;Stroke;1
979;Stroke;Stroke;1
980;Stroke;Stroke;1
981;Stroke;Stroke;1
982;Stroke;Stroke;1
983;Stroke;Stroke;1
984;Stroke;Stroke;1
985;Stroke;Stroke;1
986;Stroke;Stroke;1
987;Stroke;Stroke;1
988;Stroke;Stroke;1
989;Stroke;Stroke;1
990;Stroke;Stroke;1
991;Stroke;Stroke;1
992;Stroke;Stroke;1
993;Stroke;Stroke;1
994;Stroke;Stroke;1
995;Stroke;Stroke;1
996;Stroke;Stroke;1
997;Stroke;Stroke;1
998;Stroke;Stroke;1
999;Stroke;Stroke;1
1000;Stroke;Stroke;1
1001;Preparation;Stroke;0
1002;Preparation;Stroke;0
1003;Preparation;Stroke;0
1004;Preparation;Stroke;0
1005;Preparation;Stroke;0
1006;Preparation;Stroke;0
1007;Preparation;Stroke;0
1008;Preparation;Stroke;0
1009;Preparation;Stroke;0
1010;Preparation;Stroke;0
1011;Preparation;Stroke;0
1012;Preparation;Stroke;0
1013;Preparation;Stroke;0
1014;Preparation;Stroke;0
1015;Hold;Stroke;0
1016;Hold;Stroke;0
1017;Hold;Stroke;0
1018;Hold;Stroke;0
1019;Hold;Stroke;0
1020;Hold;Stroke;0
1021;Hold;Stroke;0
1022;Hold;Stroke;0
1023;Hold;Stroke;0
1024;Hold;Stroke;0
1025;Hold;Stroke;0
1026;Hold;Stroke;0
1027;Hold;Preparation;0
1028;Hold;Preparation;0
1029;Hold;Preparation;0
1030;Preparation;Preparation;1
1031;Preparation;Preparation;1
1032;Preparation;Preparation;1
1033;Preparation;Preparation;1
1034;Preparation;Preparation;1
1035;Stroke;Preparation;0
1036;Stroke;Preparation;0
1037;Stroke;Preparation;0
1038;Stroke;Preparation;0
1039;Stroke;Preparation;0
1040;Stroke;Preparation;0
1041;Stroke;Preparation;0
1042;Stroke;Preparation;0
1043;Stroke;Preparation;0
1044;Stroke;Preparation;0
1045;Stroke;Stroke;1
1046;Stroke;Stroke;1
1047;Stroke;Stroke;1
1048;Stroke;Stroke;1
1049;Stroke;Stroke;1
1050;Stroke;Stroke;1
1051;Stroke;Stroke;1
1052;Stroke;Stroke;1
1053;Stroke;Stroke;1
1054;Stroke;Stroke;1
1055;Stroke;Stroke;1
1056;Stroke;Stroke;1
1057;Stroke;Stroke;1
1058;Stroke;Stroke;1
1059;Stroke;Stroke;1
1060;Preparation;Stroke;0
1061;Preparation;Stroke;0
1062;Hold;Stroke;0
1063;Hold;Stroke;0
1064;Hold;Stroke;0
1065;Hold;Stroke;0
1066;Hold;Stroke;0
1067;Hold;Hold;1
1068;Hold;Hold;1
1069;Hold;Hold;1
1070;Hold;Hold;1
1071;Hold;Hold;1
1072;Hold;Hold;1
1073;Hold;Hold;1
1074;Hold;Hold;1
1075;Hold;Hold;1
1076;Hold;Hold;1
1077;Hold;Hold;1
1078;Hold;Hold;1
1079;Hold;Hold;1
1080;Hold;Hold;1
1081;Hold;Hold;1
1082;Hold;Hold;1
1083;Hold;Hold;1
1084;Hold;Hold;1
1085;Hold;Hold;1
1086;Hold;Hold;1
1087;Hold;Hold;1
1088;Hold;Hold;1
1089;Hold;Hold;1
1090;Hold;Hold;1
1091;Hold;Hold;1
1092;Hold;Hold;1
1093;Hold;Hold;1
1094;Hold;Hold;1
1095;Hold;Hold;1
1096;Hold;Hold;1
1097;Hold;Preparation;0
1098;Hold;Preparation;0
1099;Hold;Preparation;0
1100;Hold;Preparation;0
1101;Hold;Preparation;0
1102;Preparation;Preparation;1
1103;Preparation;Preparation;1
1104;Preparation;Preparation;1
1105;Preparation;Preparation;1
1106;Preparation;Preparation;1
1107;Preparation;Preparation;1
1108;Preparation;Preparation;1
1109;Preparation;Preparation;1
1110;Preparation;Preparation;1
1111;Preparation;Preparation;1
1112;Preparation;Preparation;1
1113;Preparation;Preparation;1
1114;Preparation;Preparation;1
1115;Preparation;Preparation;1
1116;Preparation;Stroke;0
1117;Preparation;Stroke;0
1118;Stroke;Stroke;1
1119;Stroke;Stroke;1
1120;Stroke;Stroke;1
1121;Stroke;Stroke;1
1122;Stroke;Stroke;1
1123;Stroke;Stroke;1
1124;Stroke;Stroke;1
1125;Stroke;Stroke;1
1126;Stroke;Stroke;1
1127;Stroke;Stroke;1
1128;Stroke;Stroke;1
1129;Stroke;Stroke;1
1130;Stroke;Stroke;1
1131;Stroke;Stroke;1
1132;Stroke;Stroke;1
1133;Stroke;Stroke;1
1134;Stroke;Stroke;1
1135;Stroke;Stroke;1
1136;Stroke;Stroke;1
1137;Stroke;Stroke;1
1138;Stroke;Stroke;1
1139;Stroke;Stroke;1
1140;Stroke;Stroke;1
1141;Stroke;Stroke;1
1142;Stroke;Stroke;1
1143;Stroke;Stroke;1
1144;Stroke;Stroke;1
1145;Stroke;Stroke;1
1146;Preparation;Stroke;0
1147;Preparation;Stroke;0
1148;Preparation;Stroke;0
1149;Preparation;Stroke;0
1150;Preparation;Stroke;0
1151;Preparation;Stroke;0
1152;Preparation;Stroke;0
1153;Preparation;Stroke;0
1154;Preparation;Stroke;0
1155;Preparation;Stroke;0
1156;Preparation;Stroke;0
1157;Preparation;Stroke;0
1158;Preparation;Stroke;0
1159;Preparation;Stroke;0
1160;Preparation;Stroke;0
1161;Preparation;Stroke;0
1162;Preparation;Stroke;0
1163;Preparation;Stroke;0
1164;Preparation;Stroke;0
1165;Preparation;Stroke;0
1166;Preparation;Stroke;0
1167;Preparation;Stroke;0
1168;Preparation;Stroke;0
1169;Preparation;Stroke;0
1170;Preparation;Stroke;0
1171;Preparation;Stroke;0
1172;Hold;Stroke;0
1173;Hold;Stroke;0
1174;Hold;Stroke;0
1175;Hold;Stroke;0
1176;Hold;Stroke;0
1177;Hold;Stroke;0
1178;Hold;Stroke;0
1179;Hold;Stroke;0
1180;Hold;Stroke;0
1181;Hold;Stroke;0
1182;Hold;Stroke;0
1183;Hold;Stroke;0
1184;Hold;Stroke;0
1185;Hold;Stroke;0
1186;Hold;Stroke;0
1187;Hold;Stroke;0
1188;Hold;Stroke;0
1189;Hold;Stroke;0
1190;Hold;Stroke;0
1191;Hold;Stroke;0
1192;Hold;Stroke;0
1193;Hold;Stroke;0
1194;Hold;Stroke;0
1195;Hold;Stroke;0
1196;Hold;Stroke;0
1197;Hold;Stroke;0
1198;Hold;Stroke;0
1199;Hold;Stroke;0
1200;Hold;Stroke;0
1201;Hold;Stroke;0
1202;Hold;Stroke;0
1203;Hold;Stroke;0
1204;Hold;Stroke;0
1205;Hold;Stroke;0
1206;Preparation;Stroke;0
1207;Preparation;Stroke;0
1208;Preparation;Stroke;0
1209;Preparation;Stroke;0
1210;Preparation;Stroke;0
1211;Preparation;Stroke;0
1212;Preparation;Stroke;0
1213;Preparation;Stroke;0
1214;Preparation;Stroke;0
1215;Preparation;Stroke;0
1216;Hold;Stroke;0
1217;Hold;Stroke;0
1218;Hold;Stroke;0
1219;Hold;Stroke;0
1220;Hold;Stroke;0
1221;Hold;Stroke;0
1222;Hold;Stroke;0
1223;Hold;Stroke;0
1224;Hold;Stroke;0
1225;Hold;Stroke;0
1226;Hold;Stroke;0
1227;Hold;Stroke;0
1228;Hold;Stroke;0
1229;Hold;Stroke;0
1230;Hold;Stroke;0
1231;Hold;Stroke;0
1232;Hold;Stroke;0
1233;Hold;Stroke;0
1234;Hold;Stroke;0
1235;Hold;Stroke;0
1236;Hold;Stroke;0
1237;Hold;Stroke;0
1238;Hold;Stroke;0
1239;Hold;Stroke;0
1240;Hold;Stroke;0
1241;Hold;Stroke;0
1242;Hold;Stroke;0
1243;Hold;Stroke;0
1244;Hold;Stroke;0
1245;Hold;Stroke;0
1246;Hold;Stroke;0
1247;Hold;Stroke;0
1248;Hold;Stroke;0
1249;Hold;Preparation;0
1250;Hold;Preparation;0
1251;Preparation;Preparation;1
1252;Preparation;Preparation;1
1253;Preparation;Preparation;1
1254;Preparation;Preparation;1
1255;Preparation;Preparation;1
1256;Preparation;Preparation;1
1257;Preparation;Preparation;1
1258;Preparation;Preparation;1
1259;Preparation;Preparation;1
1260;Preparation;Preparation;1
1261;Hold;Hold;1
1262;Hold;Hold;1
1263;Hold;Hold;1
1264;Hold;Hold;1
1265;Hold;Hold;1
1266;Hold;Hold;1
1267;Hold;Hold;1
1268;Hold;Hold;1
1269;Hold;Hold;1
1270;Hold;Hold;1
1271;Hold;Hold;1
1272;Hold;Hold;1
1273;Hold;Hold;1
1274;Hold;Hold;1
1275;Hold;Hold;1
1276;Hold;Hold;1
1277;Hold;Hold;1
1278;Hold;Hold;1
1279;Hold;Hold;1
1280;Hold;Hold;1
1281;Hold;Hold;1
1282;Hold;Hold;1
1283;Hold;Hold;1
1284;Hold;Hold;1
1285;Hold;Hold;1
1286;Hold;Hold;1
1287;Hold;Hold;1
1288;Hold;Hold;1
1289;Hold;Hold;1
1290;Hold;Hold;1
1291;Hold;Hold;1
1292;Hold;Hold;1
1293;Hold;Hold;1
1294;Hold;Hold;1
1295;Hold;Preparation;0
1296;Hold;Preparation;0
1297;Hold;Preparation;0
1298;Hold;Preparation;0
1299;Hold;Preparation;0
1300;Hold;Preparation;0
1301;Hold;Preparation;0
1302;Hold;Preparation;0
1303;Preparation;Preparation;1
1304;Preparation;Preparation;1
1305;Preparation;Preparation;1
1306;Preparation;Preparation;1
1307;Preparation;Preparation;1
1308;Preparation;Preparation;1
1309;Preparation;Preparation;1
1310;Preparation;Preparation;1
1311;Preparation;Preparation;1
1312;Preparation;Preparation;1
1313;Preparation;Stroke;0
1314;Preparation;Stroke;0
1315;Stroke;Stroke;1
1316;Stroke;Stroke;1
1317;Stroke;Stroke;1
1318;Stroke;Stroke;1
1319;Stroke;Stroke;1
1320;Stroke;Stroke;1
1321;Stroke;Stroke;1
1322;Stroke;Stroke;1
1323;Stroke;Stroke;1
1324;Stroke;Stroke;1
1325;Stroke;Stroke;1
1326;Stroke;Stroke;1
1327;Stroke;Stroke;1
1328;Stroke;Stroke;1
1329;Stroke;Stroke;1
1330;Stroke;Stroke;1
1331;Stroke;Stroke;1
1332;Stroke;Stroke;1
1333;Stroke;Stroke;1
1334;Stroke;Stroke;1
1335;Stroke;Stroke;1
1336;Stroke;Stroke;1
1337;Stroke;Stroke;1
1338;Stroke;Stroke;1
1339;Stroke;Stroke;1
1340;Stroke;Stroke;1
1341;Stroke;Stroke;1
1342;Stroke;Stroke;1
1343;Stroke;Stroke;1
1344;Stroke;Stroke;1
1345;Stroke;Stroke;1
1346;Stroke;Stroke;1
1347;Stroke;Stroke;1
1348;Stroke;Stroke;1
1349;Stroke;Stroke;1
1350;Stroke;Stroke;1
1351;Stroke;Stroke;1
1352;Stroke;Stroke;1
1353;Stroke;Stroke;1
1354;Stroke;Stroke;1
1355;Stroke;Stroke;1
1356;Stroke;Stroke;1
1357;Stroke;Stroke;1
1358;Stroke;Stroke;1
1359;Stroke;Stroke;1
1360;Stroke;Stroke;1
1361;Stroke;Stroke;1
1362;Stroke;Stroke;1
1363;Stroke;Stroke;1
1364;Stroke;Stroke;1
1365;Stroke;Stroke;1
1366;Stroke;Stroke;1
1367;Stroke;Stroke;1
1368;Stroke;Stroke;1
1369;Stroke;Stroke;1
1370;Stroke;Preparation;0
1371;Stroke;Preparation;0
1372;Stroke;Preparation;0
1373;Stroke;Preparation;0
1374;Stroke;Preparation;0
1375;Stroke;Preparation;0
1376;Stroke;Preparation;0
1377;Stroke;Preparation;0
1378;Stroke;Preparation;0
1379;Stroke;Preparation;0
1380;Stroke;Preparation;0
1381;Stroke;Preparation;0
1382;Stroke;Preparation;0
1383;Stroke;Preparation;0
1384;Stroke;Preparation;0
1385;Stroke;Preparation;0
1386;Stroke;Preparation;0
1387;Stroke;Preparation;0
1388;Stroke;Preparation;0
1389;Stroke;Preparation;0
1390;Stroke;Preparation;0
1391;Stroke;Preparation;0
1392;Stroke;Preparation;0
1393;Stroke;Preparation;0
1394;Stroke;Preparation;0
1395;Stroke;Preparation;0
1396;Stroke;Preparation;0
1397;Stroke;Preparation;0
1398;Stroke;Preparation;0
1399;Stroke;Preparation;0
1400;Stroke;Stroke;1
1401;Stroke;Stroke;1
1402;Stroke;Stroke;1
1403;Stroke;Stroke;1
1404;Stroke;Stroke;1
1405;Stroke;Stroke;1
1406;Stroke;Stroke;1
1407;Stroke;Stroke;1
1408;Stroke;Stroke;1
1409;Stroke;Stroke;1
1410;Stroke;Stroke;1
1411;Stroke;Stroke;1
1412;Stroke;Stroke;1
1413;Stroke;Stroke;1
1414;Stroke;Stroke;1
1415;Stroke;Stroke;1
1416;Stroke;Stroke;1
1417;Stroke;Stroke;1
1418;Stroke;Stroke;1
1419;Stroke;Stroke;1
1420;Stroke;Stroke;1
1421;Stroke;Stroke;1
1422;Stroke;Stroke;1
1423;Stroke;Stroke;1
1424;Stroke;Stroke;1
1425;Stroke;Preparation;0
1426;Stroke;Preparation;0
1427;Stroke;Preparation;0
1428;Stroke;Preparation;0
1429;Stroke;Preparation;0
1430;Stroke;Preparation;0
1431;Stroke;Preparation;0
1432;Stroke;Preparation;0
1433;Stroke;Preparation;0
1434;Stroke;Preparation;0
1435;Stroke;Stroke;1
1436;Stroke;Stroke;1
1437;Stroke;Stroke;1
1438;Stroke;Stroke;1
1439;Stroke;Stroke;1
1440;Stroke;Stroke;1
1441;Stroke;Stroke;1
1442;Stroke;Stroke;1
1443;Stroke;Stroke;1
1444;Stroke;Stroke;1
1445;Stroke;Stroke;1
1446;Stroke;Stroke;1
1447;Stroke;Stroke;1
1448;Stroke;Stroke;1
1449;Stroke;Stroke;1
1450;Stroke;Stroke;1
1451;Stroke;Stroke;1
1452;Stroke;Stroke;1
1453;Stroke;Stroke;1
1454;Stroke;Stroke;1
1455;Stroke;Stroke;1
1456;Stroke;Retraction;0
1457;Stroke;Retraction;0
1458;Stroke;Retraction;0
1459;Stroke;Retraction;0
1460;Stroke;Retraction;0
1461;Stroke;Retraction;0
1462;Stroke;Retraction;0
1463;Stroke;Retraction;0
1464;Retraction;Retraction;1
1465;Retraction;Retraction;1
1466;Retraction;Retraction;1
1467;Retraction;Retraction;1
1468;Retraction;Retraction;1
1469;Retraction;Retraction;1
1470;Retraction;Retraction;1
1471;Retraction;Retraction;1
1472;Retraction;Retraction;1
1473;Retraction;Retraction;1
1474;Retraction;Retraction;1
1475;Retraction;Retraction;1
1476;Retraction;Retraction;1
1477;Retraction;Preparation;0
1478;Retraction;Preparation;0
1479;Retraction;Preparation;0
1480;Retraction;Preparation;0
1481;Retraction;Preparation;0
1482;Retraction;Preparation;0
1483;Retraction;Preparation;0
1484;Retraction;Preparation;0
1485;Retraction;Preparation;0
1486;Retraction;Preparation;0
1487;Retraction;Preparation;0
1488;Preparation;Preparation;1
1489;Preparation;Preparation;1
1490;Preparation;Preparation;1
1491;Preparation;Preparation;1
1492;Preparation;Preparation;1
1493;Preparation;Preparation;1
1494;Preparation;Preparation;1
1495;Preparation;Preparation;1
1496;Preparation;Preparation;1
1497;Preparation;Preparation;1
1498;Preparation;Preparation;1
1499;Preparation;Preparation;1
1500;Preparation;Preparation;1
1501;Preparation;Preparation;1
1502;Preparation;Preparation;1
1503;Preparation;Preparation;1
1504;Preparation;Preparation;1
1505;Preparation;Preparation;1
1506;Preparation;Preparation;1
1507;Preparation;Preparation;1
1508;Preparation;Preparation;1
1509;Preparation;Preparation;1
1510;Preparation;Preparation;1
1511;Preparation;Stroke;0
1512;Stroke;Stroke;1
1513;Stroke;Stroke;1
1514;Stroke;Stroke;1
1515;Stroke;Stroke;1
1516;Stroke;Stroke;1
1517;Stroke;Stroke;1
1518;Stroke;Stroke;1
1519;Stroke;Stroke;1
1520;Stroke;Stroke;1
1521;Stroke;Stroke;1
1522;Stroke;Stroke;1
1523;Stroke;Stroke;1
1524;Stroke;Stroke;1
1525;Stroke;Stroke;1
1526;Stroke;Stroke;1
1527;Stroke;Stroke;1
1528;Stroke;Stroke;1
1529;Stroke;Stroke;1
1530;Stroke;Stroke;1
1531;Stroke;Stroke;1
1532;Stroke;Stroke;1
1533;Stroke;Stroke;1
1534;Stroke;Stroke;1
1535;Stroke;Stroke;1
1536;Stroke;Stroke;1
1537;Stroke;Stroke;1
1538;Stroke;Stroke;1
1539;Stroke;Stroke;1
1540;Stroke;Stroke;1
1541;Stroke;Stroke;1
1542;Stroke;Stroke;1
1543;Stroke;Stroke;1
1544;Stroke;Stroke;1
1545;Stroke;Stroke;1
1546;Hold;Stroke;0
1547;Hold;Stroke;0
1548;Hold;Stroke;0
1549;Hold;Stroke;0
1550;Hold;Stroke;0
1551;Hold;Stroke;0
1552;Hold;Stroke;0
1553;Hold;Stroke;0
1554;Hold;Stroke;0
1555;Hold;Stroke;0
1556;Hold;Stroke;0
1557;Hold;Stroke;0
1558;Hold;Stroke;0
1559;Hold;Stroke;0
1560;Hold;Stroke;0
1561;Hold;Stroke;0
1562;Hold;Stroke;0
1563;Hold;Stroke;0
1564;Hold;Stroke;0
1565;Hold;Stroke;0
1566;Hold;Stroke;0
1567;Hold;Stroke;0
1568;Hold;Stroke;0
1569;Hold;Stroke;0
1570;Hold;Stroke;0
1571;Hold;Stroke;0
1572;Hold;Stroke;0
1573;Hold;Stroke;0
1574;Hold;Stroke;0
1575;Hold;Stroke;0
1576;Hold;Stroke;0
1577;Hold;Stroke;0
1578;Hold;Stroke;0
1579;Hold;Stroke;0
1580;Hold;Stroke;0
1581;Hold;Stroke;0
1582;Hold;Preparation;0
1583;Hold;Preparation;0
1584;Preparation;Preparation;1
1585;Preparation;Preparation;1
1586;Preparation;Preparation;1
1587;Preparation;Preparation;1
1588;Preparation;Preparation;1
1589;Stroke;Preparation;0
1590;Stroke;Preparation;0
1591;Stroke;Preparation;0
1592;Stroke;Preparation;0
1593;Stroke;Preparation;0
1594;Stroke;Preparation;0
1595;Stroke;Preparation;0
1596;Stroke;Preparation;0
1597;Stroke;Preparation;0
1598;Stroke;Preparation;0
1599;Stroke;Stroke;1
1600;Stroke;Stroke;1
1601;Stroke;Stroke;1
1602;Stroke;Stroke;1
1603;Stroke;Stroke;1
1604;Stroke;Stroke;1
1605;Stroke;Stroke;1
1606;Stroke;Stroke;1
1607;Stroke;Stroke;1
1608;Stroke;Stroke;1
1609;Stroke;Stroke;1
1610;Stroke;Stroke;1
1611;Stroke;Stroke;1
1612;Hold;Stroke;0
1613;Hold;Stroke;0
1614;Hold;Stroke;0
1615;Hold;Hold;1
1616;Hold;Hold;1
1617;Hold;Hold;1
1618;Hold;Hold;1
1619;Hold;Hold;1
1620;Hold;Hold;1
1621;Hold;Hold;1
1622;Hold;Hold;1
1623;Hold;Hold;1
1624;Hold;Hold;1
1625;Hold;Hold;1
1626;Hold;Hold;1
1627;Hold;Hold;1
1628;Hold;Hold;1
1629;Hold;Hold;1
1630;Hold;Hold;1
1631;Hold;Hold;1
1632;Hold;Hold;1
1633;Hold;Hold;1
1634;Hold;Hold;1
1635;Hold;Hold;1
1636;Hold;Hold;1
1637;Hold;Hold;1
1638;Hold;Hold;1
1639;Hold;Hold;1
1640;Hold;Hold;1
1641;Hold;Hold;1
1642;Hold;Hold;1
1643;Hold;Hold;1
1644;Hold;Hold;1
1645;Hold;Hold;1
1646;Hold;Hold;1
1647;Hold;Hold;1
1648;Hold;Hold;1
1649;Hold;Retraction;0
1650;Hold;Retraction;0
1651;Retraction;Retraction;1
1652;Retraction;Retraction;1
1653;Retraction;Retraction;1
1654;Retraction;Retraction;1
1655;Retraction;Retraction;1
1656;Retraction;Retraction;1
1657;Retraction;Retraction;1
1658;Retraction;Retraction;1
1659;Retraction;Retraction;1
1660;Retraction;Retraction;1
1661;Retraction;Retraction;1
1662;Retraction;Retraction;1
1663;Retraction;Retraction;1
1664;Retraction;Retraction;1
1665;Retraction;Retraction;1
1666;Retraction;Retraction;1
1667;Retraction;Retraction;1
1668;Retraction;Retraction;1
1669;Retraction;Retraction;1
1670;Retraction;Retraction;1
1671;Retraction;Rest;0
1672;Rest;Rest;1
1673;Rest;Rest;1
1674;Rest;Rest;1
1675;Rest;Rest;1
1676;Rest;Rest;1
1677;Rest;Rest;1
1678;Rest;Rest;1
1679;Rest;Rest;1
1680;Rest;Rest;1
1681;Rest;Rest;1
1682;Rest;Rest;1
1683;Rest;Rest;1
1684;Rest;Rest;1
1685;Rest;Rest;1
1686;Rest;Rest;1
1687;Rest;Rest;1
1688;Rest;Rest;1
1689;Rest;Rest;1
1690;Rest;Rest;1
1691;Rest;Rest;1
1692;Rest;Rest;1
1693;Rest;Rest;1
1694;Rest;Rest;1
1695;Rest;Rest;1
1696;Rest;Rest;1
1697;Rest;Rest;1
1698;Rest;Rest;1
1699;Rest;Rest;1
1700;Rest;Rest;1
1701;Rest;Rest;1
1702;Rest;Rest;1
1703;Rest;Rest;1
1704;Rest;Rest;1
1705;Rest;Rest;1
1706;Rest;Rest;1
1707;Rest;Rest;1
1708;Rest;Rest;1
1709;Rest;Rest;1
1710;Rest;Rest;1
1711;Rest;Rest;1
1712;Rest;Rest;1
1713;Rest;Rest;1
1714;Rest;Rest;1
1715;Rest;Rest;1
1716;Rest;Rest;1
1717;Rest;Rest;1
1718;Rest;Rest;1
1719;Rest;Rest;1
1720;Rest;Rest;1
1721;Rest;Rest;1
1722;Rest;Rest;1
1723;Rest;Rest;1
1724;Rest;Rest;1
1725;Rest;Rest;1
1726;Rest;Rest;1
1727;Rest;Rest;1
1728;Rest;Rest;1
1729;Rest;Rest;1
1730;Rest;Rest;1
1731;Rest;Rest;1
1732;Rest;Rest;1
1733;Rest;Rest;1
1734;Rest;Rest;1
1735;Rest;Rest;1
1736;Rest;Rest;1
1737;Rest;Rest;1
1738;Rest;Rest;1
1739;Rest;Rest;1
1740;Rest;Rest;1
1741;Rest;Rest;1
1742;Rest;Rest;1
1743;Rest;Rest;1
1744;Rest;Rest;1
1745;Rest;Rest;1
1746;Rest;Rest;1
1747;Rest;Rest;1
1748;Rest;Rest;1
1749;Rest;Rest;1
1750;Rest;Rest;1
1751;Rest;Rest;1
1752;Rest;Rest;1
1753;Rest;Rest;1
1754;Rest;Rest;1
1755;Rest;Rest;1
1756;Rest;Rest;1
1757;Rest;Rest;1
1758;Rest;Rest;1
1759;Rest;Rest;1
1760;Rest;Rest;1
1761;Rest;Rest;1
1762;Rest;Rest;1
1763;Rest;Rest;1
1764;Rest;Rest;1
1765;Rest;Rest;1
1766;Rest;Rest;1
1767;Rest;Rest;1
1768;Rest;Rest;1
1769;Rest;Rest;1
1770;Rest;Rest;1
1771;Rest;Rest;1
1772;Rest;Rest;1
1773;Rest;Rest;1
1774;Rest;Rest;1
1775;Rest;Rest;1
1776;Rest;Rest;1
1777;Rest;Rest;1
1778;Rest;Rest;1
1779;Rest;Rest;1
1780;Rest;Rest;1
1781;Rest;Rest;1
1782;Rest;Rest;1
1783;Rest;Rest;1
1784;Rest;Rest;1
1785;Rest;Rest;1
1786;Rest;Rest;1
1787;Rest;Rest;1
1788;Rest;Rest;1
1789;Rest;Rest;1
1790;Rest;Rest;1
1791;Rest;Rest;1
1792;Rest;Rest;1
1793;Rest;Rest;1
1794;Rest;Rest;1
1795;Rest;Rest;1
1796;Rest;Rest;1
1797;Rest;Rest;1
1798;Rest;Rest;1
1799;Rest;Rest;1
1800;Rest;Rest;1
1801;Rest;Rest;1
1802;Rest;Rest;1
1803;Rest;Rest;1
1804;Rest;Rest;1
1805;Rest;Rest;1
1806;Rest;Rest;1
1807;Rest;Rest;1
1808;Rest;Rest;1
1809;Rest;Rest;1
1810;Rest;Rest;1
1811;Rest;Rest;1
1812;Rest;Rest;1
1813;Rest;Rest;1
1814;Rest;Rest;1
1815;Rest;Rest;1
1816;Rest;Rest;1
1817;Rest;Rest;1
1818;Rest;Rest;1
1819;Rest;Rest;1
1820;Rest;Rest;1
1821;Rest;Rest;1
1822;Rest;Rest;1
1823;Rest;Rest;1
1824;Rest;Rest;1
1825;Rest;Rest;1
1826;Rest;Rest;1
1827;Rest;Rest;1
1828;Rest;Rest;1
1829;Rest;Rest;1
1830;Rest;Rest;1
1831;Rest;Rest;1
1832;Rest;Rest;1
1833;Rest;Rest;1
1834;Rest;Rest;1
1835;Rest;Rest;1
1836;Rest;Rest;1
1837;Rest;Rest;1
1838;Rest;Rest;1
1839;Rest;Rest;1
1840;Rest;Rest;1
1841;Rest;Rest;1
1842;Rest;Rest;1
1843;Rest;Rest;1
1844;Rest;Rest;1
1845;Rest;Rest;1
1846;Rest;Rest;1
1847;Rest;Rest;1
1848;Rest;Rest;1
1849;Rest;Rest;1
1850;Rest;Rest;1
1851;Rest;Rest;1
1852;Rest;Rest;1
1853;Rest;Rest;1
1854;Rest;Rest;1
1855;Rest;Rest;1
1856;Rest;Rest;1
1857;Rest;Rest;1
1858;Rest;Rest;1
1859;Rest;Rest;1
1860;Rest;Rest;1
1861;Rest;Rest;1
1862;Rest;Rest;1
1863;Rest;Rest;1
1864;Rest;Rest;1
1865;Rest;Rest;1
1866;Rest;Rest;1
1867;Rest;Rest;1
1868;Rest;Rest;1
1869;Rest;Rest;1
1870;Rest;Rest;1
1871;Rest;Rest;1
1872;Rest;Rest;1
1873;Rest;Rest;1
1874;Rest;Rest;1
1875;Rest;Rest;1
1876;Rest;Rest;1
1877;Preparation;Rest;0
1878;Preparation;Preparation;1
1879;Preparation;Preparation;1
1880;Preparation;Preparation;1
1881;Preparation;Preparation;1
1882;Preparation;Preparation;1
1883;Preparation;Preparation;1
1884;Preparation;Preparation;1
1885;Preparation;Preparation;1
1886;Stroke;Preparation;0
1887;Stroke;Preparation;0
1888;Stroke;Hold;0
1889;Stroke;Hold;0
1890;Stroke;Hold;0
1891;Stroke;Hold;0
1892;Stroke;Hold;0
1893;Stroke;Retraction;0
1894;Stroke;Retraction;0
1895;Retraction;Retraction;1
1896;Retraction;Retraction;1
1897;Retraction;Retraction;1
1898;Retraction;Retraction;1
1899;Retraction;Retraction;1
1900;Retraction;Retraction;1
1901;Retraction;Retraction;1
1902;Retraction;Retraction;1
1903;Rest;Retraction;0
1904;Rest;Retraction;0
1905;Rest;Retraction;0
1906;Rest;Retraction;0
1907;Rest;Retraction;0
1908;Rest;Rest;1
1909;Rest;Rest;1
1910;Rest;Rest;1
1911;Rest;Rest;1
1912;Preparation;Rest;0
1913;Preparation;Rest;0
1914;Preparation;Rest;0
1915;Preparation;Rest;0
1916;Preparation;Rest;0
1917;Stroke;Rest;0
1918;Stroke;Rest;0
1919;Stroke;Rest;0
1920;Stroke;Rest;0
1921;Stroke;Rest;0
1922;Stroke;Rest;0
1923;Stroke;Rest;0
1924;Stroke;Rest;0
1925;Retraction;Rest;0
1926;Retraction;Rest;0
1927;Retraction;Rest;0
1928;Retraction;Rest;0
1929;Retraction;Rest;0
1930;Retraction;Rest;0
1931;Retraction;Rest;0
1932;Retraction;Rest;0
1933;Retraction;Rest;0
1934;Retraction;Rest;0
1935;Retraction;Rest;0
1936;Retraction;Rest;0
1937;Retraction;Rest;0
1938;Retraction;Rest;0
1939;Retraction;Preparation;0
1940;Retraction;Preparation;0
1941;Retraction;Preparation;0
1942;Retraction;Preparation;0
1943;Retraction;Preparation;0
1944;Retraction;Preparation;0
1945;Retraction;Preparation;0
1946;Retraction;Preparation;0
1947;Retraction;Preparation;0
1948;Retraction;Preparation;0
1949;Retraction;Preparation;0
1950;Retraction;Preparation;0
1951;Retraction;Stroke;0
1952;Retraction;Stroke;0
1953;Retraction;Stroke;0
1954;Retraction;Stroke;0
1955;Retraction;Stroke;0
1956;Retraction;Stroke;0
1957;Retraction;Stroke;0
1958;Retraction;Stroke;0
1959;Retraction;Stroke;0
1960;Retraction;Stroke;0
1961;Retraction;Stroke;0
1962;Retraction;Stroke;0
1963;Retraction;Stroke;0
1964;Retraction;Stroke;0
1965;Retraction;Stroke;0
1966;Retraction;Stroke;0
1967;Retraction;Stroke;0
1968;Retraction;Stroke;0
1969;Retraction;Stroke;0
1970;Retraction;Stroke;0
1971;Retraction;Stroke;0
1972;Retraction;Stroke;0
1973;Retraction;Stroke;0
1974;Retraction;Stroke;0
1975;Retraction;Stroke;0
1976;Retraction;Stroke;0
1977;Retraction;Stroke;0
1978;Retraction;Stroke;0
1979;Retraction;Stroke;0
1980;Retraction;Stroke;0
1981;Retraction;Stroke;0
1982;Retraction;Stroke;0
1983;Retraction;Stroke;0
1984;Retraction;Stroke;0
1985;Retraction;Retraction;1
1986;Retraction;Retraction;1
1987;Retraction;Retraction;1
1988;Retraction;Retraction;1
1989;Retraction;Retraction;1
1990;Retraction;Retraction;1
1991;Retraction;Retraction;1
1992;Retraction;Retraction;1
1993;Retraction;Retraction;1
1994;Retraction;Retraction;1
1995;Retraction;Retraction;1
1996;Retraction;Retraction;1
1997;Retraction;Retraction;1
1998;Retraction;Retraction;1
1999;Retraction;Retraction;1
2000;Retraction;Rest;0
2001;Retraction;Rest;0
2002;Retraction;Rest;0
2003;Retraction;Rest;0
2004;Retraction;Rest;0
2005;Rest;Rest;1
2006;Rest;Rest;1
2007;Rest;Rest;1
2008;Rest;Rest;1
2009;Rest;Rest;1
2010;Rest;Rest;1
2011;Rest;Rest;1
2012;Rest;Rest;1
2013;Rest;Rest;1
2014;Rest;Rest;1
2015;Rest;Rest;1
2016;Rest;Rest;1
2017;Rest;Rest;1
2018;Rest;Rest;1
2019;Rest;Rest;1
2020;Rest;Preparation;0
2021;Rest;Preparation;0
2022;Preparation;Preparation;1
2023;Preparation;Preparation;1
2024;Preparation;Preparation;1
2025;Preparation;Preparation;1
2026;Stroke;Preparation;0
2027;Stroke;Preparation;0
2028;Stroke;Preparation;0
2029;Stroke;Preparation;0
2030;Stroke;Preparation;0
2031;Stroke;Preparation;0
2032;Stroke;Preparation;0
2033;Stroke;Preparation;0
2034;Stroke;Preparation;0
2035;Stroke;Preparation;0
2036;Stroke;Preparation;0
2037;Stroke;Stroke;1
2038;Stroke;Stroke;1
2039;Stroke;Stroke;1
2040;Stroke;Stroke;1
2041;Stroke;Stroke;1
2042;Stroke;Stroke;1
2043;Stroke;Stroke;1
2044;Stroke;Stroke;1
2045;Stroke;Stroke;1
2046;Stroke;Stroke;1
2047;Stroke;Stroke;1
2048;Stroke;Stroke;1
2049;Stroke;Stroke;1
2050;Stroke;Stroke;1
2051;Stroke;Stroke;1
2052;Stroke;Stroke;1
2053;Stroke;Stroke;1
2054;Stroke;Stroke;1
2055;Stroke;Stroke;1
2056;Stroke;Stroke;1
2057;Stroke;Stroke;1
2058;Stroke;Stroke;1
2059;Stroke;Stroke;1
2060;Stroke;Stroke;1
2061;Stroke;Stroke;1
2062;Stroke;Stroke;1
2063;Stroke;Stroke;1
2064;Stroke;Stroke;1
2065;Stroke;Stroke;1
2066;Stroke;Stroke;1
2067;Stroke;Stroke;1
2068;Stroke;Stroke;1
2069;Stroke;Preparation;0
2070;Stroke;Preparation;0
2071;Stroke;Preparation;0
2072;Stroke;Preparation;0
2073;Stroke;Preparation;0
2074;Stroke;Preparation;0
2075;Stroke;Preparation;0
2076;Stroke;Preparation;0
2077;Stroke;Preparation;0
2078;Stroke;Preparation;0
2079;Stroke;Preparation;0
2080;Stroke;Preparation;0
2081;Stroke;Preparation;0
2082;Stroke;Preparation;0
2083;Stroke;Stroke;1
2084;Stroke;Stroke;1
2085;Stroke;Stroke;1
2086;Stroke;Stroke;1
2087;Stroke;Stroke;1
2088;Stroke;Stroke;1
2089;Stroke;Stroke;1
2090;Stroke;Stroke;1
2091;Stroke;Stroke;1
2092;Stroke;Stroke;1
2093;Stroke;Stroke;1
2094;Stroke;Stroke;1
2095;Stroke;Stroke;1
2096;Stroke;Stroke;1
2097;Stroke;Stroke;1
2098;Stroke;Stroke;1
2099;Stroke;Stroke;1
2100;Stroke;Stroke;1
2101;Stroke;Stroke;1
2102;Stroke;Stroke;1
2103;Stroke;Stroke;1
2104;Stroke;Stroke;1
2105;Stroke;Stroke;1
2106;Stroke;Stroke;1
2107;Stroke;Stroke;1
2108;Stroke;Stroke;1
2109;Stroke;Stroke;1
2110;Stroke;Stroke;1
2111;Stroke;Stroke;1
2112;Stroke;Stroke;1
2113;Stroke;Stroke;1
2114;Stroke;Hold;0
2115;Stroke;Hold;0
2116;Stroke;Hold;0
2117;Stroke;Hold;0
2118;Stroke;Hold;0
2119;Stroke;Hold;0
2120;Stroke;Hold;0
2121;Stroke;Hold;0
2122;Stroke;Hold;0
2123;Stroke;Hold;0
2124;Stroke;Hold;0
2125;Stroke;Hold;0
2126;Stroke;Hold;0
2127;Stroke;Hold;0
2128;Stroke;Hold;0
2129;Stroke;Hold;0
2130;Stroke;Hold;0
2131;Stroke;Hold;0
2132;Stroke;Hold;0
2133;Stroke;Hold;0
2134;Stroke;Hold;0
2135;Stroke;Hold;0
2136;Stroke;Hold;0
2137;Stroke;Hold;0
2138;Stroke;Hold;0
2139;Stroke;Hold;0
2140;Stroke;Hold;0
2141;Stroke;Hold;0
2142;Stroke;Hold;0
2143;Stroke;Hold;0
2144;Stroke;Hold;0
2145;Stroke;Hold;0
2146;Stroke;Hold;0
2147;Stroke;Hold;0
2148;Stroke;Hold;0
2149;Stroke;Hold;0
2150;Stroke;Hold;0
2151;Stroke;Hold;0
2152;Stroke;Hold;0
2153;Stroke;Hold;0
2154;Stroke;Hold;0
2155;Stroke;Hold;0
2156;Stroke;Hold;0
2157;Stroke;Hold;0
2158;Stroke;Hold;0
2159;Stroke;Hold;0
2160;Stroke;Hold;0
2161;Stroke;Hold;0
2162;Stroke;Hold;0
2163;Stroke;Hold;0
2164;Stroke;Preparation;0
2165;Stroke;Preparation;0
2166;Stroke;Preparation;0
2167;Stroke;Preparation;0
2168;Stroke;Preparation;0
2169;Stroke;Preparation;0
2170;Stroke;Preparation;0
2171;Stroke;Preparation;0
2172;Stroke;Preparation;0
2173;Stroke;Preparation;0
2174;Stroke;Preparation;0
2175;Stroke;Preparation;0
2176;Stroke;Preparation;0
2177;Stroke;Preparation;0
2178;Stroke;Preparation;0
2179;Stroke;Preparation;0
2180;Stroke;Preparation;0
2181;Stroke;Preparation;0
2182;Stroke;Preparation;0
2183;Stroke;Preparation;0
2184;Stroke;Preparation;0
2185;Stroke;Preparation;0
2186;Stroke;Preparation;0
2187;Stroke;Preparation;0
2188;Stroke;Preparation;0
2189;Stroke;Preparation;0
2190;Stroke;Preparation;0
2191;Stroke;Preparation;0
2192;Stroke;Preparation;0
2193;Stroke;Preparation;0
2194;Stroke;Preparation;0
2195;Stroke;Preparation;0
2196;Stroke;Stroke;1
2197;Stroke;Stroke;1
2198;Stroke;Stroke;1
2199;Stroke;Stroke;1
2200;Stroke;Stroke;1
2201;Stroke;Stroke;1
2202;Stroke;Stroke;1
2203;Stroke;Stroke;1
2204;Stroke;Stroke;1
2205;Stroke;Stroke;1
2206;Stroke;Stroke;1
2207;Stroke;Stroke;1
2208;Stroke;Stroke;1
2209;Stroke;Stroke;1
2210;Stroke;Stroke;1
2211;Stroke;Stroke;1
2212;Stroke;Stroke;1
2213;Stroke;Stroke;1
2214;Stroke;Stroke;1
2215;Stroke;Stroke;1
2216;Stroke;Stroke;1
2217;Stroke;Stroke;1
2218;Stroke;Stroke;1
2219;Stroke;Stroke;1
2220;Stroke;Stroke;1
2221;Stroke;Stroke;1
2222;Stroke;Stroke;1
2223;Stroke;Stroke;1
2224;Stroke;Preparation;0
2225;Stroke;Preparation;0
2226;Stroke;Preparation;0
2227;Stroke;Preparation;0
2228;Stroke;Preparation;0
2229;Stroke;Preparation;0
2230;Stroke;Preparation;0
2231;Stroke;Preparation;0
2232;Stroke;Preparation;0
2233;Stroke;Preparation;0
2234;Stroke;Preparation;0
2235;Stroke;Preparation;0
2236;Stroke;Preparation;0
2237;Stroke;Preparation;0
2238;Stroke;Preparation;0
2239;Stroke;Preparation;0
2240;Stroke;Preparation;0
2241;Stroke;Preparation;0
2242;Stroke;Stroke;1
2243;Stroke;Stroke;1
2244;Stroke;Stroke;1
2245;Stroke;Stroke;1
2246;Stroke;Stroke;1
2247;Stroke;Stroke;1
2248;Stroke;Stroke;1
2249;Stroke;Stroke;1
2250;Stroke;Stroke;1
2251;Stroke;Stroke;1
2252;Stroke;Stroke;1
2253;Stroke;Stroke;1
2254;Stroke;Stroke;1
2255;Stroke;Stroke;1
2256;Stroke;Stroke;1
2257;Stroke;Stroke;1
2258;Stroke;Stroke;1
2259;Stroke;Stroke;1
2260;Stroke;Stroke;1
2261;Stroke;Stroke;1
2262;Stroke;Stroke;1
2263;Stroke;Stroke;1
2264;Stroke;Stroke;1
2265;Stroke;Stroke;1
2266;Stroke;Stroke;1
2267;Stroke;Preparation;0
2268;Stroke;Preparation;0
2269;Stroke;Preparation;0
2270;Stroke;Preparation;0
2271;Stroke;Preparation;0
2272;Stroke;Preparation;0
2273;Stroke;Preparation;0
2274;Stroke;Preparation;0
2275;Stroke;Preparation;0
2276;Stroke;Preparation;0
2277;Stroke;Preparation;0
2278;Hold;Preparation;0
2279;Hold;Hold;1
2280;Hold;Hold;1
2281;Hold;Hold;1
2282;Hold;Hold;1
2283;Hold;Hold;1
2284;Hold;Hold;1
2285;Hold;Hold;1
2286;Hold;Hold;1
2287;Hold;Hold;1
2288;Hold;Hold;1
2289;Hold;Hold;1
2290;Hold;Hold;1
2291;Hold;Hold;1
2292;Hold;Hold;1
2293;Hold;Hold;1
2294;Hold;Hold;1
2295;Hold;Hold;1
2296;Hold;Hold;1
2297;Hold;Hold;1
2298;Hold;Hold;1
2299;Hold;Hold;1
2300;Hold;Hold;1
2301;Hold;Hold;1
2302;Hold;Hold;1
2303;Hold;Hold;1
2304;Hold;Hold;1
2305;Hold;Hold;1
2306;Hold;Hold;1
2307;Hold;Hold;1
2308;Hold;Hold;1
2309;Hold;Hold;1
2310;Hold;Hold;1
2311;Hold;Hold;1
2312;Hold;Hold;1
2313;Hold;Hold;1
2314;Hold;Hold;1
2315;Hold;Hold;1
2316;Hold;Hold;1
2317;Hold;Hold;1
2318;Hold;Hold;1
2319;Hold;Hold;1
2320;Hold;Hold;1
2321;Hold;Hold;1
2322;Hold;Hold;1
2323;Hold;Hold;1
2324;Hold;Hold;1
2325;Hold;Hold;1
2326;Hold;Hold;1
2327;Hold;Hold;1
2328;Hold;Hold;1
2329;Hold;Hold;1
2330;Hold;Preparation;0
2331;Preparation;Preparation;1
2332;Preparation;Preparation;1
2333;Preparation;Preparation;1
2334;Preparation;Preparation;1
2335;Preparation;Preparation;1
2336;Preparation;Preparation;1
2337;Preparation;Preparation;1
2338;Preparation;Preparation;1
2339;Preparation;Preparation;1
2340;Preparation;Preparation;1
2341;Preparation;Preparation;1
2342;Stroke;Stroke;1
2343;Stroke;Stroke;1
2344;Stroke;Stroke;1
2345;Stroke;Stroke;1
2346;Stroke;Stroke;1
2347;Stroke;Stroke;1
2348;Stroke;Stroke;1
2349;Stroke;Stroke;1
2350;Stroke;Stroke;1
2351;Stroke;Stroke;1
2352;Stroke;Stroke;1
2353;Stroke;Stroke;1
2354;Stroke;Stroke;1
2355;Stroke;Stroke;1
2356;Stroke;Stroke;1
2357;Stroke;Stroke;1
2358;Stroke;Stroke;1
2359;Stroke;Stroke;1
2360;Stroke;Stroke;1
2361;Stroke;Stroke;1
2362;Stroke;Stroke;1
2363;Stroke;Stroke;1
2364;Stroke;Stroke;1
2365;Stroke;Stroke;1
2366;Stroke;Stroke;1
2367;Stroke;Stroke;1
2368;Stroke;Stroke;1
2369;Stroke;Stroke;1
2370;Stroke;Stroke;1
2371;Stroke;Stroke;1
2372;Stroke;Stroke;1
2373;Stroke;Stroke;1
2374;Stroke;Stroke;1
2375;Stroke;Stroke;1
2376;Stroke;Stroke;1
2377;Stroke;Stroke;1
2378;Stroke;Stroke;1
2379;Stroke;Stroke;1
2380;Stroke;Stroke;1
2381;Stroke;Stroke;1
2382;Stroke;Stroke;1
2383;Stroke;Stroke;1
2384;Stroke;Stroke;1
2385;Stroke;Stroke;1
2386;Stroke;Stroke;1
2387;Stroke;Stroke;1
2388;Stroke;Stroke;1
2389;Stroke;Stroke;1
2390;Stroke;Stroke;1
2391;Stroke;Stroke;1
2392;Stroke;Stroke;1
2393;Stroke;Stroke;1
2394;Stroke;Stroke;1
2395;Stroke;Stroke;1
2396;Stroke;Stroke;1
2397;Stroke;Stroke;1
2398;Stroke;Stroke;1
2399;Stroke;Stroke;1
2400;Stroke;Stroke;1
2401;Stroke;Stroke;1
2402;Stroke;Stroke;1
2403;Stroke;Stroke;1
2404;Stroke;Stroke;1
2405;Stroke;Stroke;1
2406;Stroke;Stroke;1
2407;Stroke;Stroke;1
2408;Stroke;Stroke;1
2409;Stroke;Stroke;1
2410;Stroke;Stroke;1
2411;Stroke;Stroke;1
2412;Stroke;Stroke;1
2413;Stroke;Stroke;1
2414;Stroke;Stroke;1
2415;Stroke;Stroke;1
2416;Stroke;Stroke;1
2417;Stroke;Stroke;1
2418;Stroke;Stroke;1
2419;Stroke;Stroke;1
2420;Stroke;Stroke;1
2421;Stroke;Stroke;1
2422;Stroke;Stroke;1
2423;Stroke;Stroke;1
2424;Stroke;Stroke;1
2425;Stroke;Stroke;1
2426;Stroke;Stroke;1
2427;Stroke;Stroke;1
2428;Stroke;Stroke;1
2429;Stroke;Stroke;1
2430;Stroke;Stroke;1
2431;Stroke;Stroke;1
2432;Stroke;Stroke;1
2433;Stroke;Stroke;1
2434;Stroke;Stroke;1
2435;Stroke;Stroke;1
2436;Stroke;Stroke;1
2437;Stroke;Stroke;1
2438;Stroke;Stroke;1
2439;Stroke;Stroke;1
2440;Stroke;Stroke;1
2441;Stroke;Stroke;1
2442;Stroke;Stroke;1
2443;Stroke;Stroke;1
2444;Stroke;Stroke;1
2445;Stroke;Stroke;1
2446;Stroke;Stroke;1
2447;Stroke;Stroke;1
2448;Stroke;Stroke;1
2449;Stroke;Stroke;1
2450;Stroke;Stroke;1
2451;Stroke;Stroke;1
2452;Stroke;Stroke;1
2453;Stroke;Stroke;1
2454;Stroke;Stroke;1
2455;Stroke;Stroke;1
2456;Preparation;Stroke;0
2457;Preparation;Stroke;0
2458;Preparation;Stroke;0
2459;Preparation;Stroke;0
2460;Preparation;Stroke;0
2461;Preparation;Stroke;0
2462;Preparation;Stroke;0
2463;Preparation;Stroke;0
2464;Preparation;Stroke;0
2465;Preparation;Stroke;0
2466;Preparation;Stroke;0
2467;Preparation;Stroke;0
2468;Preparation;Stroke;0
2469;Preparation;Stroke;0
2470;Preparation;Stroke;0
2471;Preparation;Stroke;0
2472;Preparation;Stroke;0
2473;Preparation;Stroke;0
2474;Preparation;Stroke;0
2475;Preparation;Stroke;0
2476;Stroke;Stroke;1
2477;Stroke;Stroke;1
2478;Stroke;Stroke;1
2479;Stroke;Stroke;1
2480;Stroke;Stroke;1
2481;Stroke;Stroke;1
2482;Stroke;Stroke;1
2483;Stroke;Stroke;1
2484;Stroke;Stroke;1
2485;Stroke;Stroke;1
2486;Stroke;Stroke;1
2487;Stroke;Stroke;1
2488;Stroke;Stroke;1
2489;Stroke;Stroke;1
2490;Stroke;Stroke;1
2491;Stroke;Stroke;1
2492;Stroke;Stroke;1
2493;Stroke;Stroke;1
2494;Stroke;Stroke;1
2495;Stroke;Stroke;1
2496;Stroke;Stroke;1
2497;Stroke;Stroke;1
2498;Stroke;Stroke;1
2499;Stroke;Stroke;1
2500;Stroke;Stroke;1
2501;Stroke;Stroke;1
2502;Stroke;Stroke;1
2503;Retraction;Stroke;0
2504;Retraction;Stroke;0
2505;Retraction;Stroke;0
2506;Retraction;Stroke;0
2507;Retraction;Stroke;0
2508;Retraction;Stroke;0
2509;Retraction;Stroke;0
2510;Retraction;Stroke;0
2511;Retraction;Stroke;0
2512;Retraction;Stroke;0
2513;Retraction;Stroke;0
2514;Retraction;Stroke;0
2515;Retraction;Stroke;0
2516;Retraction;Stroke;0
2517;Retraction;Stroke;0
2518;Retraction;Stroke;0
2519;Retraction;Stroke;0
2520;Retraction;Preparation;0
2521;Retraction;Preparation;0
2522;Retraction;Preparation;0
2523;Retraction;Preparation;0
2524;Retraction;Preparation;0
2525;Retraction;Preparation;0
2526;Retraction;Preparation;0
2527;Retraction;Preparation;0
2528;Retraction;Preparation;0
2529;Retraction;Preparation;0
2530;Retraction;Preparation;0
2531;Preparation;Preparation;1
2532;Preparation;Preparation;1
2533;Preparation;Preparation;1
2534;Preparation;Preparation;1
2535;Preparation;Preparation;1
2536;Preparation;Preparation;1
2537;Preparation;Preparation;1
2538;Preparation;Preparation;1
2539;Preparation;Preparation;1
2540;Preparation;Preparation;1
2541;Preparation;Stroke;0
2542;Preparation;Stroke;0
2543;Stroke;Stroke;1
2544;Stroke;Stroke;1
2545;Stroke;Stroke;1
2546;Stroke;Stroke;1
2547;Stroke;Stroke;1
2548;Stroke;Stroke;1
2549;Stroke;Stroke;1
2550;Stroke;Stroke;1
2551;Stroke;Stroke;1
2552;Stroke;Stroke;1
2553;Stroke;Stroke;1
2554;Stroke;Stroke;1
2555;Stroke;Stroke;1
2556;Stroke;Stroke;1
2557;Hold;Stroke;0
2558;Hold;Stroke;0
2559;Hold;Stroke;0
2560;Hold;Stroke;0
2561;Hold;Stroke;0
2562;Hold;Stroke;0
2563;Hold;Stroke;0
2564;Hold;Stroke;0
2565;Hold;Stroke;0
2566;Hold;Stroke;0
2567;Hold;Stroke;0
2568;Hold;Stroke;0
2569;Hold;Stroke;0
2570;Stroke;Stroke;1
2571;Stroke;Stroke;1
2572;Stroke;Stroke;1
2573;Stroke;Stroke;1
2574;Stroke;Stroke;1
2575;Stroke;Stroke;1
2576;Stroke;Stroke;1
2577;Stroke;Stroke;1
2578;Stroke;Stroke;1
2579;Stroke;Stroke;1
2580;Stroke;Stroke;1
2581;Stroke;Stroke;1
2582;Stroke;Stroke;1
2583;Stroke;Stroke;1
2584;Stroke;Stroke;1
2585;Stroke;Stroke;1
2586;Stroke;Stroke;1
2587;Stroke;Stroke;1
2588;Stroke;Stroke;1
2589;Stroke;Stroke;1
2590;Stroke;Stroke;1
2591;Stroke;Stroke;1
2592;Stroke;Stroke;1
2593;Stroke;Stroke;1
2594;Stroke;Stroke;1
2595;Stroke;Stroke;1
2596;Stroke;Stroke;1
2597;Stroke;Stroke;1
2598;Stroke;Stroke;1
2599;Hold;Stroke;0
2600;Hold;Stroke;0
2601;Hold;Stroke;0
2602;Hold;Stroke;0
2603;Hold;Stroke;0
2604;Hold;Stroke;0
2605;Hold;Stroke;0
2606;Hold;Stroke;0
2607;Hold;Stroke;0
2608;Hold;Stroke;0
2609;Hold;Stroke;0
2610;Hold;Stroke;0
2611;Hold;Stroke;0
2612;Hold;Stroke;0
2613;Hold;Stroke;0
2614;Hold;Stroke;0
2615;Hold;Stroke;0
2616;Hold;Stroke;0
2617;Hold;Stroke;0
2618;Hold;Stroke;0
2619;Hold;Stroke;0
2620;Hold;Stroke;0
2621;Hold;Stroke;0
2622;Hold;Stroke;0
2623;Hold;Stroke;0
2624;Hold;Stroke;0
2625;Hold;Stroke;0
2626;Hold;Stroke;0
2627;Hold;Stroke;0
2628;Hold;Stroke;0
2629;Hold;Stroke;0
2630;Hold;Stroke;0
2631;Hold;Stroke;0
2632;Hold;Stroke;0
2633;Hold;Stroke;0
2634;Hold;Stroke;0
2635;Hold;Stroke;0
2636;Hold;Stroke;0
2637;Hold;Stroke;0
2638;Hold;Stroke;0
2639;Hold;Stroke;0
2640;Hold;Stroke;0
2641;Hold;Stroke;0
2642;Hold;Stroke;0
2643;Hold;Stroke;0
2644;Hold;Stroke;0
2645;Hold;Stroke;0
2646;Hold;Stroke;0
2647;Hold;Stroke;0
2648;Hold;Stroke;0
2649;Hold;Stroke;0
2650;Retraction;Preparation;0
2651;Retraction;Preparation;0
2652;Retraction;Preparation;0
2653;Retraction;Preparation;0
2654;Retraction;Preparation;0
2655;Retraction;Preparation;0
2656;Retraction;Preparation;0
2657;Retraction;Preparation;0
2658;Retraction;Preparation;0
2659;Retraction;Preparation;0
2660;Stroke;Preparation;0
2661;Stroke;Stroke;1
2662;Stroke;Stroke;1
2663;Stroke;Stroke;1
2664;Stroke;Stroke;1
2665;Stroke;Stroke;1
2666;Stroke;Stroke;1
2667;Stroke;Stroke;1
2668;Stroke;Stroke;1
2669;Stroke;Stroke;1
2670;Stroke;Stroke;1
2671;Stroke;Stroke;1
2672;Stroke;Stroke;1
2673;Stroke;Stroke;1
2674;Stroke;Stroke;1
2675;Stroke;Stroke;1
2676;Stroke;Stroke;1
2677;Stroke;Preparation;0
2678;Stroke;Preparation;0
2679;Stroke;Preparation;0
2680;Stroke;Preparation;0
2681;Stroke;Preparation;0
2682;Stroke;Preparation;0
2683;Stroke;Preparation;0
2684;Stroke;Preparation;0
2685;Stroke;Preparation;0
2686;Stroke;Preparation;0
2687;Stroke;Preparation;0
2688;Stroke;Preparation;0
2689;Stroke;Preparation;0
2690;Stroke;Preparation;0
2691;Stroke;Preparation;0
2692;Stroke;Preparation;0
2693;Stroke;Preparation;0
2694;Stroke;Preparation;0
2695;Stroke;Preparation;0
2696;Stroke;Preparation;0
2697;Stroke;Stroke;1
2698;Stroke;Stroke;1
2699;Stroke;Stroke;1
2700;Stroke;Stroke;1
2701;Stroke;Stroke;1
2702;Stroke;Stroke;1
2703;Stroke;Stroke;1
2704;Stroke;Stroke;1
2705;Stroke;Stroke;1
2706;Stroke;Stroke;1
2707;Stroke;Stroke;1
2708;Stroke;Stroke;1
2709;Stroke;Stroke;1
2710;Hold;Stroke;0
2711;Hold;Stroke;0
2712;Hold;Stroke;0
2713;Hold;Stroke;0
2714;Hold;Stroke;0
2715;Hold;Stroke;0
2716;Hold;Stroke;0
2717;Hold;Stroke;0
2718;Hold;Stroke;0
2719;Hold;Stroke;0
2720;Hold;Stroke;0
2721;Hold;Stroke;0
2722;Hold;Stroke;0
2723;Hold;Stroke;0
2724;Hold;Stroke;0
2725;Hold;Stroke;0
2726;Hold;Stroke;0
2727;Hold;Stroke;0
2728;Hold;Stroke;0
2729;Hold;Stroke;0
2730;Hold;Stroke;0
2731;Hold;Stroke;0
2732;Hold;Stroke;0
2733;Hold;Stroke;0
2734;Hold;Stroke;0
2735;Hold;Stroke;0
2736;Hold;Stroke;0
2737;Preparation;Stroke;0
2738;Preparation;Stroke;0
2739;Preparation;Stroke;0
2740;Preparation;Preparation;1
2741;Preparation;Preparation;1
2742;Preparation;Preparation;1
2743;Preparation;Preparation;1
2744;Preparation;Preparation;1
2745;Preparation;Preparation;1
2746;Preparation;Preparation;1
2747;Preparation;Preparation;1
2748;Preparation;Hold;0
2749;Preparation;Hold;0
2750;Preparation;Hold;0
2751;Preparation;Hold;0
2752;Preparation;Hold;0
2753;Preparation;Hold;0
2754;Preparation;Hold;0
2755;Preparation;Hold;0
2756;Preparation;Hold;0
2757;Preparation;Hold;0
2758;Preparation;Hold;0
2759;Hold;Hold;1
2760;Hold;Hold;1
2761;Hold;Hold;1
2762;Hold;Hold;1
2763;Hold;Hold;1
2764;Hold;Hold;1
2765;Hold;Hold;1
2766;Hold;Hold;1
2767;Hold;Hold;1
2768;Hold;Hold;1
2769;Hold;Hold;1
2770;Hold;Hold;1
2771;Hold;Hold;1
2772;Hold;Hold;1
2773;Hold;Hold;1
2774;Hold;Hold;1
2775;Hold;Hold;1
2776;Hold;Hold;1
2777;Hold;Hold;1
2778;Hold;Hold;1
2779;Hold;Hold;1
2780;Hold;Hold;1
2781;Hold;Hold;1
2782;Hold;Hold;1
2783;Hold;Hold;1
2784;Hold;Hold;1
2785;Hold;Hold;1
2786;Hold;Hold;1
2787;Hold;Hold;1
2788;Hold;Hold;1
2789;Hold;Hold;1
2790;Hold;Retraction;0
2791;Preparation;Retraction;0
2792;Preparation;Retraction;0
2793;Preparation;Retraction;0
2794;Preparation;Retraction;0
2795;Preparation;Retraction;0
2796;Preparation;Retraction;0
2797;Preparation;Retraction;0
2798;Preparation;Retraction;0
2799;Preparation;Retraction;0
2800;Preparation;Retraction;0
2801;Preparation;Retraction;0
2802;Preparation;Retraction;0
2803;Preparation;Retraction;0
2804;Stroke;Retraction;0
2805;Stroke;Retraction;0
2806;Stroke;Retraction;0
2807;Stroke;Preparation;0
2808;Stroke;Preparation;0
2809;Stroke;Preparation;0
2810;Stroke;Preparation;0
2811;Stroke;Preparation;0
2812;Stroke;Preparation;0
2813;Stroke;Preparation;0
2814;Stroke;Preparation;0
2815;Preparation;Preparation;1
2816;Preparation;Preparation;1
2817;Preparation;Preparation;1
2818;Preparation;Preparation;1
2819;Preparation;Preparation;1
2820;Preparation;Preparation;1
2821;Preparation;Preparation;1
2822;Preparation;Preparation;1
2823;Preparation;Preparation;1
2824;Preparation;Preparation;1
2825;Preparation;Preparation;1
2826;Stroke;Stroke;1
2827;Stroke;Stroke;1
2828;Stroke;Stroke;1
2829;Stroke;Stroke;1
2830;Stroke;Stroke;1
2831;Stroke;Stroke;1
2832;Stroke;Stroke;1
2833;Stroke;Stroke;1
2834;Stroke;Stroke;1
2835;Stroke;Stroke;1
2836;Stroke;Stroke;1
2837;Stroke;Stroke;1
2838;Stroke;Stroke;1
2839;Stroke;Stroke;1
2840;Preparation;Preparation;1
2841;Preparation;Preparation;1
2842;Preparation;Preparation;1
2843;Preparation;Preparation;1
2844;Preparation;Preparation;1
2845;Preparation;Preparation;1
2846;Preparation;Preparation;1
2847;Preparation;Preparation;1
2848;Preparation;Preparation;1
2849;Preparation;Preparation;1
2850;Preparation;Preparation;1
2851;Preparation;Preparation;1
2852;Preparation;Preparation;1
2853;Preparation;Preparation;1
2854;Preparation;Preparation;1
2855;Preparation;Preparation;1
2856;Stroke;Stroke;1
2857;Stroke;Stroke;1
2858;Stroke;Stroke;1
2859;Stroke;Stroke;1
2860;Stroke;Stroke;1
2861;Stroke;Stroke;1
2862;Stroke;Stroke;1
2863;Stroke;Stroke;1
2864;Stroke;Stroke;1
2865;Stroke;Stroke;1
2866;Stroke;Stroke;1
2867;Stroke;Stroke;1
2868;Stroke;Stroke;1
2869;Stroke;Stroke;1
2870;Stroke;Stroke;1
2871;Stroke;Stroke;1
2872;Stroke;Stroke;1
2873;Stroke;Stroke;1
2874;Stroke;Stroke;1
2875;Stroke;Stroke;1
2876;Stroke;Stroke;1
2877;Stroke;Stroke;1
2878;Stroke;Stroke;1
2879;Stroke;Stroke;1
2880;Stroke;Stroke;1
2881;Stroke;Stroke;1
2882;Stroke;Stroke;1
2883;Stroke;Stroke;1
2884;Stroke;Stroke;1
2885;Stroke;Stroke;1
2886;Stroke;Stroke;1
2887;Stroke;Stroke;1
2888;Stroke;Stroke;1
2889;Stroke;Stroke;1
2890;Stroke;Stroke;1
2891;Stroke;Stroke;1
2892;Stroke;Stroke;1
2893;Stroke;Stroke;1
2894;Stroke;Stroke;1
2895;Stroke;Stroke;1
2896;Stroke;Preparation;0
2897;Stroke;Preparation;0
2898;Stroke;Preparation;0
2899;Stroke;Preparation;0
2900;Stroke;Preparation;0
2901;Stroke;Preparation;0
2902;Stroke;Preparation;0
2903;Stroke;Preparation;0
2904;Stroke;Preparation;0
2905;Stroke;Preparation;0
2906;Stroke;Preparation;0
2907;Stroke;Preparation;0
2908;Stroke;Preparation;0
2909;Stroke;Stroke;1
2910;Stroke;Stroke;1
2911;Stroke;Stroke;1
2912;Stroke;Stroke;1
2913;Stroke;Stroke;1
2914;Stroke;Stroke;1
2915;Stroke;Stroke;1
2916;Stroke;Stroke;1
2917;Stroke;Stroke;1
2918;Stroke;Stroke;1
2919;Stroke;Stroke;1
2920;Stroke;Stroke;1
2921;Stroke;Stroke;1
2922;Stroke;Stroke;1
2923;Stroke;Stroke;1
2924;Stroke;Stroke;1
2925;Stroke;Stroke;1
2926;Stroke;Stroke;1
2927;Stroke;Stroke;1
2928;Stroke;Stroke;1
2929;Stroke;Stroke;1
2930;Stroke;Stroke;1
2931;Stroke;Stroke;1
2932;Stroke;Stroke;1
2933;Stroke;Stroke;1
2934;Stroke;Stroke;1
2935;Stroke;Stroke;1
2936;Stroke;Stroke;1
2937;Stroke;Stroke;1
2938;Stroke;Stroke;1
2939;Stroke;Stroke;1
2940;Stroke;Stroke;1
2941;Stroke;Stroke;1
2942;Stroke;Stroke;1
2943;Stroke;Stroke;1
2944;Stroke;Stroke;1
2945;Stroke;Stroke;1
2946;Stroke;Stroke;1
2947;Stroke;Stroke;1
2948;Stroke;Stroke;1
2949;Stroke;Stroke;1
2950;Stroke;Stroke;1
2951;Stroke;Stroke;1
2952;Stroke;Stroke;1
2953;Stroke;Stroke;1
2954;Retraction;Stroke;0
2955;Retraction;Stroke;0
2956;Retraction;Stroke;0
2957;Retraction;Stroke;0
2958;Retraction;Stroke;0
2959;Retraction;Stroke;0
2960;Retraction;Stroke;0
2961;Retraction;Stroke;0
2962;Retraction;Stroke;0
2963;Retraction;Stroke;0
2964;Retraction;Stroke;0
2965;Retraction;Stroke;0
2966;Retraction;Stroke;0
2967;Retraction;Stroke;0
2968;Retraction;Stroke;0
2969;Retraction;Stroke;0
2970;Retraction;Stroke;0
2971;Retraction;Stroke;0
2972;Retraction;Preparation;0
2973;Retraction;Preparation;0
2974;Retraction;Preparation;0
2975;Retraction;Preparation;0
2976;Retraction;Preparation;0
2977;Retraction;Preparation;0
2978;Retraction;Preparation;0
2979;Retraction;Preparation;0
2980;Retraction;Preparation;0
2981;Retraction;Preparation;0
2982;Retraction;Preparation;0
2983;Retraction;Preparation;0
2984;Retraction;Preparation;0
2985;Preparation;Stroke;0
2986;Preparation;Stroke;0
2987;Preparation;Stroke;0
2988;Preparation;Stroke;0
2989;Preparation;Stroke;0
2990;Preparation;Stroke;0
2991;Preparation;Stroke;0
2992;Preparation;Stroke;0
2993;Preparation;Stroke;0
2994;Hold;Stroke;0
2995;Hold;Stroke;0
2996;Hold;Stroke;0
2997;Hold;Stroke;0
2998;Hold;Stroke;0
2999;Hold;Stroke;0
3000;Hold;Stroke;0
3001;Hold;Stroke;0
3002;Hold;Stroke;0
3003;Hold;Stroke;0
3004;Hold;Stroke;0
3005;Hold;Stroke;0
3006;Hold;Stroke;0
3007;Hold;Stroke;0
3008;Hold;Stroke;0
3009;Hold;Stroke;0
3010;Hold;Stroke;0
3011;Hold;Stroke;0
3012;Hold;Stroke;0
3013;Hold;Stroke;0
3014;Hold;Stroke;0
3015;Hold;Preparation;0
3016;Hold;Preparation;0
3017;Preparation;Preparation;1
3018;Preparation;Preparation;1
3019;Preparation;Preparation;1
3020;Preparation;Preparation;1
3021;Preparation;Preparation;1
3022;Preparation;Preparation;1
3023;Preparation;Preparation;1
3024;Preparation;Preparation;1
3025;Preparation;Preparation;1
3026;Preparation;Preparation;1
3027;Preparation;Preparation;1
3028;Preparation;Preparation;1
3029;Preparation;Preparation;1
3030;Preparation;Preparation;1
3031;Preparation;Preparation;1
3032;Preparation;Preparation;1
3033;Preparation;Preparation;1
3034;Preparation;Preparation;1
3035;Preparation;Preparation;1
3036;Preparation;Preparation;1
3037;Preparation;Preparation;1
3038;Preparation;Preparation;1
3039;Preparation;Preparation;1
3040;Preparation;Preparation;1
3041;Preparation;Preparation;1
3042;Preparation;Preparation;1
3043;Preparation;Preparation;1
3044;Preparation;Preparation;1
3045;Preparation;Preparation;1
3046;Preparation;Preparation;1
3047;Preparation;Preparation;1
3048;Preparation;Preparation;1
3049;Preparation;Preparation;1
3050;Preparation;Preparation;1
3051;Stroke;Preparation;0
3052;Stroke;Preparation;0
3053;Stroke;Stroke;1
3054;Stroke;Stroke;1
3055;Stroke;Stroke;1
3056;Stroke;Stroke;1
3057;Stroke;Stroke;1
3058;Stroke;Stroke;1
3059;Stroke;Stroke;1
3060;Stroke;Stroke;1
3061;Stroke;Stroke;1
3062;Stroke;Stroke;1
3063;Stroke;Stroke;1
3064;Stroke;Stroke;1
3065;Stroke;Stroke;1
3066;Stroke;Stroke;1
3067;Stroke;Stroke;1
3068;Stroke;Stroke;1
3069;Stroke;Stroke;1
3070;Stroke;Stroke;1
3071;Stroke;Stroke;1
3072;Stroke;Stroke;1
3073;Stroke;Stroke;1
3074;Stroke;Stroke;1
3075;Stroke;Stroke;1
3076;Stroke;Stroke;1
3077;Stroke;Stroke;1
3078;Stroke;Stroke;1
3079;Stroke;Stroke;1
3080;Stroke;Stroke;1
3081;Stroke;Stroke;1
3082;Stroke;Stroke;1
3083;Stroke;Stroke;1
3084;Stroke;Stroke;1
3085;Stroke;Stroke;1
3086;Stroke;Stroke;1
3087;Stroke;Stroke;1
3088;Stroke;Stroke;1
3089;Stroke;Stroke;1
3090;Stroke;Stroke;1
3091;Stroke;Stroke;1
3092;Hold;Stroke;0
3093;Hold;Stroke;0
3094;Hold;Stroke;0
3095;Hold;Stroke;0
3096;Hold;Stroke;0
3097;Hold;Stroke;0
3098;Hold;Stroke;0
3099;Hold;Stroke;0
3100;Hold;Stroke;0
3101;Hold;Stroke;0
3102;Hold;Stroke;0
3103;Hold;Stroke;0
3104;Hold;Stroke;0
3105;Hold;Stroke;0
3106;Hold;Stroke;0
3107;Hold;Stroke;0
3108;Hold;Stroke;0
3109;Hold;Hold;1
3110;Hold;Hold;1
3111;Hold;Hold;1
3112;Hold;Hold;1
3113;Hold;Hold;1
3114;Hold;Hold;1
3115;Hold;Hold;1
3116;Hold;Hold;1
3117;Hold;Hold;1
3118;Hold;Hold;1
3119;Hold;Hold;1
3120;Hold;Hold;1
3121;Hold;Hold;1
3122;Hold;Hold;1
3123;Hold;Hold;1
3124;Hold;Hold;1
3125;Hold;Hold;1
3126;Hold;Hold;1
3127;Hold;Hold;1
3128;Hold;Hold;1
3129;Hold;Hold;1
3130;Hold;Hold;1
3131;Hold;Hold;1
3132;Hold;Hold;1
3133;Hold;Hold;1
3134;Hold;Hold;1
3135;Hold;Hold;1
3136;Hold;Hold;1
3137;Hold;Hold;1
3138;Hold;Hold;1
3139;Hold;Hold;1
3140;Hold;Hold;1
3141;Hold;Hold;1
3142;Hold;Hold;1
3143;Hold;Hold;1
3144;Hold;Hold;1
3145;Hold;Hold;1
3146;Hold;Hold;1
3147;Hold;Hold;1
3148;Hold;Hold;1
3149;Hold;Hold;1
3150;Hold;Hold;1
3151;Hold;Hold;1
3152;Hold;Hold;1
3153;Hold;Hold;1
3154;Hold;Hold;1
3155;Hold;Hold;1
3156;Hold;Hold;1
3157;Hold;Hold;1
3158;Hold;Hold;1
3159;Hold;Hold;1
3160;Hold;Hold;1
3161;Hold;Hold;1
3162;Hold;Hold;1
3163;Hold;Hold;1
3164;Hold;Hold;1
3165;Hold;Hold;1
3166;Hold;Hold;1
3167;Hold;Hold;1
3168;Hold;Hold;1
3169;Hold;Hold;1
3170;Hold;Hold;1
3171;Hold;Hold;1
3172;Hold;Hold;1
3173;Hold;Hold;1
3174;Hold;Hold;1
3175;Hold;Hold;1
3176;Hold;Hold;1
3177;Hold;Hold;1
3178;Hold;Hold;1
3179;Hold;Hold;1
3180;Hold;Hold;1
3181;Hold;Hold;1
3182;Hold;Hold;1
3183;Hold;Hold;1
3184;Hold;Hold;1
3185;Hold;Hold;1
3186;Hold;Hold;1
3187;Hold;Hold;1
3188;Hold;Hold;1
3189;Hold;Hold;1
3190;Hold;Hold;1
3191;Hold;Hold;1
3192;Hold;Hold;1
3193;Hold;Hold;1
3194;Hold;Hold;1
3195;Hold;Hold;1
3196;Hold;Hold;1
3197;Hold;Hold;1
3198;Hold;Preparation;0
3199;Stroke;Preparation;0
3200;Stroke;Preparation;0
3201;Stroke;Preparation;0
3202;Stroke;Preparation;0
3203;Stroke;Preparation;0
3204;Stroke;Preparation;0
3205;Stroke;Preparation;0
3206;Stroke;Preparation;0
3207;Stroke;Preparation;0
3208;Preparation;Preparation;1
3209;Preparation;Preparation;1
3210;Preparation;Preparation;1
3211;Preparation;Preparation;1
3212;Preparation;Preparation;1
3213;Preparation;Preparation;1
3214;Preparation;Preparation;1
3215;Preparation;Preparation;1
3216;Preparation;Preparation;1
3217;Preparation;Preparation;1
3218;Preparation;Preparation;1
3219;Preparation;Preparation;1
3220;Preparation;Preparation;1
3221;Preparation;Preparation;1
3222;Preparation;Preparation;1
3223;Preparation;Preparation;1
3224;Preparation;Preparation;1
3225;Preparation;Preparation;1
3226;Preparation;Preparation;1
3227;Preparation;Preparation;1
3228;Preparation;Stroke;0
3229;Preparation;Stroke;0
3230;Preparation;Stroke;0
3231;Preparation;Stroke;0
3232;Preparation;Stroke;0
3233;Preparation;Stroke;0
3234;Stroke;Stroke;1
3235;Stroke;Stroke;1
3236;Stroke;Stroke;1
3237;Stroke;Stroke;1
3238;Stroke;Stroke;1
3239;Stroke;Stroke;1
3240;Stroke;Stroke;1
3241;Stroke;Stroke;1
3242;Stroke;Stroke;1
3243;Stroke;Stroke;1
3244;Stroke;Stroke;1
3245;Stroke;Stroke;1
3246;Stroke;Stroke;1
3247;Stroke;Stroke;1
3248;Stroke;Stroke;1
3249;Stroke;Stroke;1
3250;Stroke;Stroke;1
3251;Stroke;Stroke;1
3252;Stroke;Stroke;1
3253;Stroke;Stroke;1
3254;Stroke;Stroke;1
3255;Stroke;Stroke;1
3256;Stroke;Preparation;0
3257;Preparation;Preparation;1
3258;Preparation;Preparation;1
3259;Preparation;Preparation;1
3260;Preparation;Preparation;1
3261;Preparation;Preparation;1
3262;Preparation;Preparation;1
3263;Preparation;Preparation;1
3264;Preparation;Preparation;1
3265;Preparation;Preparation;1
3266;Preparation;Preparation;1
3267;Preparation;Preparation;1
3268;Preparation;Preparation;1
3269;Preparation;Preparation;1
3270;Preparation;Preparation;1
3271;Preparation;Preparation;1
3272;Stroke;Preparation;0
3273;Stroke;Preparation;0
3274;Stroke;Preparation;0
3275;Stroke;Preparation;0
3276;Stroke;Preparation;0
3277;Stroke;Preparation;0
3278;Stroke;Preparation;0
3279;Stroke;Preparation;0
3280;Stroke;Preparation;0
3281;Stroke;Preparation;0
3282;Stroke;Stroke;1
3283;Stroke;Stroke;1
3284;Stroke;Stroke;1
3285;Stroke;Stroke;1
3286;Stroke;Stroke;1
3287;Stroke;Stroke;1
3288;Stroke;Stroke;1
3289;Stroke;Stroke;1
3290;Stroke;Stroke;1
3291;Stroke;Stroke;1
3292;Stroke;Stroke;1
3293;Stroke;Stroke;1
3294;Stroke;Stroke;1
3295;Stroke;Stroke;1
3296;Stroke;Stroke;1
3297;Stroke;Stroke;1
3298;Stroke;Stroke;1
3299;Stroke;Stroke;1
3300;Stroke;Stroke;1
3301;Stroke;Stroke;1
3302;Hold;Stroke;0
3303;Hold;Stroke;0
3304;Hold;Stroke;0
3305;Hold;Stroke;0
3306;Hold;Stroke;0
3307;Hold;Stroke;0
3308;Hold;Stroke;0
3309;Hold;Stroke;0
3310;Hold;Stroke;0
3311;Hold;Stroke;0
3312;Hold;Stroke;0
3313;Hold;Stroke;0
3314;Hold;Stroke;0
3315;Hold;Stroke;0
3316;Hold;Stroke;0
3317;Hold;Stroke;0
3318;Hold;Stroke;0
3319;Hold;Stroke;0
3320;Hold;Stroke;0
3321;Hold;Stroke;0
3322;Hold;Stroke;0
3323;Hold;Stroke;0
3324;Hold;Stroke;0
3325;Hold;Stroke;0
3326;Hold;Stroke;0
3327;Hold;Stroke;0
3328;Hold;Stroke;0
3329;Hold;Stroke;0
3330;Hold;Retraction;0
3331;Hold;Retraction;0
3332;Retraction;Retraction;1
3333;Retraction;Retraction;1
3334;Retraction;Retraction;1
3335;Retraction;Retraction;1
3336;Retraction;Retraction;1
3337;Retraction;Retraction;1
3338;Retraction;Retraction;1
3339;Retraction;Retraction;1
3340;Retraction;Retraction;1
3341;Retraction;Retraction;1
3342;Retraction;Retraction;1
3343;Retraction;Retraction;1
3344;Retraction;Retraction;1
3345;Retraction;Retraction;1
3346;Retraction;Retraction;1
3347;Rest;Retraction;0
3348;Rest;Retraction;0
3349;Rest;Retraction;0
3350;Rest;Retraction;0
3351;Rest;Preparation;0
3352;Rest;Preparation;0
3353;Preparation;Preparation;1
3354;Preparation;Preparation;1
3355;Preparation;Preparation;1
3356;Preparation;Preparation;1
3357;Preparation;Preparation;1
3358;Preparation;Preparation;1
3359;Preparation;Preparation;1
3360;Preparation;Preparation;1
3361;Hold;Preparation;0
3362;Hold;Preparation;0
3363;Hold;Preparation;0
3364;Hold;Preparation;0
3365;Hold;Preparation;0
3366;Hold;Preparation;0
3367;Hold;Hold;1
3368;Hold;Hold;1
3369;Hold;Hold;1
3370;Hold;Hold;1
3371;Hold;Hold;1
3372;Hold;Hold;1
3373;Hold;Hold;1
3374;Hold;Hold;1
3375;Hold;Hold;1
3376;Hold;Hold;1
3377;Hold;Hold;1
3378;Hold;Hold;1
3379;Hold;Hold;1
3380;Hold;Hold;1
3381;Hold;Hold;1
3382;Hold;Hold;1
3383;Hold;Hold;1
3384;Hold;Hold;1
3385;Hold;Hold;1
3386;Hold;Hold;1
3387;Hold;Hold;1
3388;Hold;Hold;1
3389;Hold;Hold;1
3390;Hold;Hold;1
3391;Hold;Hold;1
3392;Hold;Hold;1
3393;Hold;Preparation;0
3394;Hold;Preparation;0
3395;Retraction;Preparation;0
3396;Retraction;Preparation;0
3397;Retraction;Preparation;0
3398;Retraction;Preparation;0
3399;Retraction;Preparation;0
3400;Retraction;Preparation;0
3401;Retraction;Preparation;0
3402;Retraction;Preparation;0
3403;Retraction;Preparation;0
3404;Retraction;Preparation;0
3405;Retraction;Preparation;0
3406;Retraction;Preparation;0
3407;Retraction;Preparation;0
3408;Retraction;Preparation;0
3409;Retraction;Preparation;0
3410;Retraction;Preparation;0
3411;Retraction;Preparation;0
3412;Retraction;Preparation;0
3413;Retraction;Preparation;0
3414;Retraction;Preparation;0
3415;Retraction;Preparation;0
3416;Retraction;Preparation;0
3417;Retraction;Preparation;0
3418;Retraction;Preparation;0
3419;Retraction;Preparation;0
3420;Retraction;Preparation;0
3421;Retraction;Preparation;0
3422;Retraction;Preparation;0
3423;Rest;Preparation;0
3424;Rest;Preparation;0
3425;Rest;Preparation;0
3426;Rest;Preparation;0
3427;Rest;Preparation;0
3428;Rest;Preparation;0
3429;Rest;Preparation;0
3430;Rest;Preparation;0
3431;Rest;Preparation;0
3432;Rest;Preparation;0
3433;Rest;Preparation;0
3434;Rest;Preparation;0
3435;Rest;Preparation;0
3436;Preparation;Preparation;1
3437;Preparation;Preparation;1
3438;Preparation;Preparation;1
3439;Preparation;Preparation;1
3440;Preparation;Preparation;1
3441;Preparation;Preparation;1
3442;Stroke;Preparation;0
3443;Stroke;Preparation;0
3444;Stroke;Stroke;1
3445;Stroke;Stroke;1
3446;Stroke;Stroke;1
3447;Stroke;Stroke;1
3448;Stroke;Stroke;1
3449;Stroke;Stroke;1
3450;Stroke;Stroke;1
3451;Stroke;Stroke;1
3452;Stroke;Stroke;1
3453;Stroke;Stroke;1
3454;Stroke;Stroke;1
3455;Stroke;Stroke;1
3456;Stroke;Stroke;1
3457;Stroke;Stroke;1
3458;Stroke;Stroke;1
3459;Stroke;Stroke;1
3460;Stroke;Stroke;1
3461;Stroke;Stroke;1
3462;Stroke;Stroke;1
3463;Stroke;Preparation;0
3464;Stroke;Preparation;0
3465;Preparation;Preparation;1
3466;Preparation;Preparation;1
3467;Preparation;Preparation;1
3468;Preparation;Preparation;1
3469;Preparation;Preparation;1
3470;Preparation;Preparation;1
3471;Preparation;Preparation;1
3472;Preparation;Preparation;1
3473;Preparation;Preparation;1
3474;Preparation;Preparation;1
3475;Preparation;Preparation;1
3476;Preparation;Preparation;1
3477;Preparation;Preparation;1
3478;Preparation;Preparation;1
3479;Preparation;Preparation;1
3480;Preparation;Preparation;1
3481;Preparation;Preparation;1
3482;Preparation;Preparation;1
3483;Stroke;Preparation;0
3484;Stroke;Preparation;0
3485;Stroke;Preparation;0
3486;Stroke;Preparation;0
3487;Stroke;Preparation;0
3488;Stroke;Stroke;1
3489;Stroke;Stroke;1
3490;Stroke;Stroke;1
3491;Stroke;Stroke;1
3492;Stroke;Stroke;1
3493;Stroke;Stroke;1
3494;Stroke;Stroke;1
3495;Stroke;Stroke;1
3496;Stroke;Stroke;1
3497;Stroke;Stroke;1
3498;Stroke;Stroke;1
3499;Stroke;Stroke;1
3500;Stroke;Stroke;1
3501;Stroke;Stroke;1
3502;Stroke;Stroke;1
3503;Stroke;Stroke;1
3504;Stroke;Stroke;1
3505;Stroke;Stroke;1
3506;Stroke;Stroke;1
3507;Stroke;Stroke;1
3508;Stroke;Stroke;1
3509;Stroke;Stroke;1
3510;Stroke;Stroke;1
3511;Retraction;Retraction;1
3512;Retraction;Retraction;1
3513;Retraction;Retraction;1
3514;Retraction;Retraction;1
3515;Retraction;Retraction;1
3516;Retraction;Retraction;1
3517;Retraction;Retraction;1
3518;Retraction;Retraction;1
3519;Retraction;Retraction;1
3520;Retraction;Retraction;1
3521;Retraction;Retraction;1
3522;Retraction;Retraction;1
3523;Retraction;Retraction;1
3524;Retraction;Retraction;1
3525;Retraction;Retraction;1
3526;Retraction;Retraction;1
3527;Retraction;Retraction;1
3528;Retraction;Retraction;1
3529;Retraction;Retraction;1
3530;Retraction;Retraction;1
3531;Rest;Retraction;0
3532;Rest;Retraction;0
3533;Rest;Rest;1
3534;Rest;Rest;1
3535;Rest;Rest;1
3536;Rest;Rest;1
3537;Rest;Rest;1
3538;Rest;Rest;1
3539;Rest;Rest;1
3540;Rest;Rest;1
3541;Rest;Rest;1
3542;Rest;Rest;1
3543;Rest;Rest;1
3544;Rest;Rest;1
3545;Rest;Rest;1
3546;Rest;Rest;1
3547;Rest;Rest;1
3548;Rest;Rest;1
3549;Rest;Rest;1
3550;Rest;Rest;1
3551;Rest;Rest;1
3552;Rest;Rest;1
3553;Rest;Rest;1
3554;Rest;Rest;1
3555;Rest;Rest;1
3556;Rest;Rest;1
3557;Rest;Rest;1
3558;Rest;Rest;1
3559;Rest;Rest;1
3560;Rest;Rest;1
3561;Rest;Rest;1
3562;Rest;Rest;1
3563;Rest;Rest;1
3564;Rest;Rest;1
3565;Rest;Rest;1
3566;Rest;Rest;1
3567;Rest;Rest;1
3568;Rest;Rest;1
3569;Rest;Rest;1
3570;Rest;Rest;1
3571;Rest;Rest;1
3572;Rest;Rest;1
3573;Rest;Rest;1
3574;Rest;Rest;1
3575;Rest;Rest;1
3576;Rest;Rest;1
3577;Rest;Rest;1
3578;Rest;Rest;1
3579;Rest;Rest;1
3580;Rest;Rest;1
3581;Rest;Rest;1
3582;Rest;Rest;1
3583;Rest;Rest;1
3584;Rest;Rest;1
3585;Rest;Rest;1
3586;Rest;Rest;1
3587;Rest;Rest;1
3588;Rest;Rest;1
3589;Rest;Rest;1
3590;Rest;Rest;1
3591;Rest;Rest;1
3592;Rest;Rest;1
3593;Rest;Rest;1
3594;Rest;Preparation;0
3595;Rest;Preparation;0
3596;Preparation;Preparation;1
3597;Preparation;Preparation;1
3598;Preparation;Preparation;1
3599;Preparation;Preparation;1
3600;Preparation;Preparation;1
3601;Preparation;Preparation;1
3602;Stroke;Stroke;1
3603;Stroke;Stroke;1
3604;Stroke;Stroke;1
3605;Stroke;Stroke;1
3606;Stroke;Stroke;1
3607;Stroke;Stroke;1
3608;Stroke;Stroke;1
3609;Stroke;Stroke;1
3610;Stroke;Stroke;1
3611;Stroke;Stroke;1
3612;Stroke;Stroke;1
3613;Stroke;Stroke;1
3614;Stroke;Stroke;1
3615;Stroke;Stroke;1
3616;Stroke;Stroke;1
3617;Stroke;Stroke;1
3618;Stroke;Stroke;1
3619;Stroke;Stroke;1
3620;Stroke;Stroke;1
3621;Stroke;Stroke;1
3622;Stroke;Stroke;1
3623;Stroke;Retraction;0
3624;Retraction;Retraction;1
3625;Retraction;Retraction;1
3626;Retraction;Retraction;1
3627;Retraction;Retraction;1
3628;Retraction;Retraction;1
3629;Retraction;Retraction;1
3630;Retraction;Retraction;1
3631;Retraction;Retraction;1
3632;Retraction;Retraction;1
3633;Retraction;Retraction;1
3634;Rest;Retraction;0
3635;Rest;Retraction;0
3636;Rest;Rest;1
3637;Rest;Rest;1
3638;Rest;Rest;1
3639;Rest;Rest;1
3640;Rest;Rest;1
3641;Rest;Rest;1
3642;Rest;Rest;1
3643;Rest;Rest;1
3644;Rest;Rest;1
3645;Rest;Rest;1
3646;Rest;Rest;1
3647;Rest;Rest;1
3648;Rest;Rest;1
3649;Rest;Rest;1
3650;Preparation;Preparation;1
3651;Preparation;Preparation;1
3652;Preparation;Preparation;1
3653;Preparation;Preparation;1
3654;Preparation;Preparation;1
3655;Preparation;Preparation;1
3656;Preparation;Preparation;1
3657;Preparation;Preparation;1
3658;Preparation;Preparation;1
3659;Preparation;Preparation;1
3660;Preparation;Preparation;1
3661;Stroke;Preparation;0
3662;Stroke;Preparation;0
3663;Stroke;Preparation;0
3664;Stroke;Preparation;0
3665;Stroke;Preparation;0
3666;Stroke;Preparation;0
3667;Stroke;Preparation;0
3668;Stroke;Preparation;0
3669;Stroke;Preparation;0
3670;Stroke;Preparation;0
3671;Stroke;Hold;0
3672;Hold;Hold;1
3673;Hold;Hold;1
3674;Hold;Hold;1
3675;Hold;Hold;1
3676;Hold;Hold;1
3677;Hold;Hold;1
3678;Hold;Hold;1
3679;Hold;Hold;1
3680;Hold;Hold;1
3681;Hold;Hold;1
3682;Hold;Hold;1
3683;Hold;Hold;1
3684;Hold;Hold;1
3685;Hold;Hold;1
3686;Hold;Hold;1
3687;Hold;Hold;1
3688;Hold;Hold;1
3689;Hold;Hold;1
3690;Hold;Hold;1
3691;Hold;Hold;1
3692;Hold;Hold;1
3693;Hold;Hold;1
3694;Hold;Hold;1
3695;Hold;Hold;1
3696;Hold;Hold;1
3697;Hold;Hold;1
3698;Hold;Hold;1
3699;Hold;Hold;1
3700;Hold;Hold;1
3701;Hold;Hold;1
3702;Hold;Hold;1
3703;Hold;Hold;1
3704;Hold;Hold;1
3705;Hold;Hold;1
3706;Hold;Hold;1
3707;Hold;Hold;1
3708;Hold;Hold;1
3709;Hold;Hold;1
3710;Hold;Hold;1
3711;Hold;Hold;1
3712;Hold;Hold;1
3713;Hold;Hold;1
3714;Hold;Hold;1
3715;Hold;Hold;1
3716;Hold;Hold;1
3717;Hold;Hold;1
3718;Hold;Hold;1
3719;Hold;Hold;1
3720;Hold;Hold;1
3721;Hold;Hold;1
3722;Hold;Hold;1
3723;Hold;Hold;1
3724;Hold;Hold;1
3725;Hold;Hold;1
3726;Hold;Hold;1
3727;Hold;Preparation;0
3728;Hold;Preparation;0
3729;Hold;Preparation;0
3730;Hold;Preparation;0
3731;Preparation;Preparation;1
3732;Preparation;Preparation;1
3733;Preparation;Preparation;1
3734;Preparation;Preparation;1
3735;Preparation;Preparation;1
3736;Preparation;Preparation;1
3737;Preparation;Preparation;1
3738;Preparation;Preparation;1
3739;Preparation;Preparation;1
3740;Preparation;Preparation;1
3741;Preparation;Preparation;1
3742;Preparation;Preparation;1
3743;Preparation;Preparation;1
3744;Preparation;Preparation;1
3745;Preparation;Preparation;1
3746;Preparation;Preparation;1
3747;Preparation;Preparation;1
3748;Preparation;Preparation;1
3749;Preparation;Stroke;0
3750;Stroke;Stroke;1
3751;Stroke;Stroke;1
3752;Stroke;Stroke;1
3753;Stroke;Stroke;1
3754;Stroke;Stroke;1
3755;Stroke;Stroke;1
3756;Stroke;Stroke;1
3757;Stroke;Stroke;1
3758;Stroke;Stroke;1
3759;Stroke;Stroke;1
3760;Stroke;Stroke;1
3761;Hold;Stroke;0
3762;Hold;Stroke;0
3763;Hold;Stroke;0
3764;Hold;Stroke;0
3765;Hold;Stroke;0
3766;Hold;Stroke;0
3767;Hold;Stroke;0
3768;Hold;Hold;1
3769;Hold;Hold;1
3770;Hold;Hold;1
3771;Hold;Hold;1
3772;Hold;Hold;1
3773;Hold;Hold;1
3774;Hold;Hold;1
3775;Hold;Hold;1
3776;Hold;Hold;1
3777;Hold;Hold;1
3778;Hold;Preparation;0
3779;Hold;Preparation;0
3780;Preparation;Preparation;1
3781;Preparation;Preparation;1
3782;Preparation;Preparation;1
3783;Preparation;Preparation;1
3784;Preparation;Preparation;1
3785;Preparation;Preparation;1
3786;Preparation;Preparation;1
3787;Preparation;Preparation;1
3788;Preparation;Preparation;1
3789;Stroke;Preparation;0
3790;Stroke;Preparation;0
3791;Stroke;Stroke;1
3792;Stroke;Stroke;1
3793;Stroke;Stroke;1
3794;Stroke;Stroke;1
3795;Stroke;Stroke;1
3796;Stroke;Stroke;1
3797;Stroke;Stroke;1
3798;Stroke;Stroke;1
3799;Stroke;Stroke;1
3800;Stroke;Stroke;1
3801;Stroke;Stroke;1
3802;Stroke;Stroke;1
3803;Stroke;Stroke;1
3804;Stroke;Stroke;1
3805;Stroke;Stroke;1
3806;Stroke;Stroke;1
3807;Stroke;Stroke;1
3808;Stroke;Stroke;1
3809;Stroke;Stroke;1
3810;Stroke;Stroke;1
3811;Stroke;Stroke;1
3812;Stroke;Stroke;1
3813;Stroke;Stroke;1
3814;Stroke;Stroke;1
3815;Stroke;Stroke;1
3816;Stroke;Stroke;1
3817;Stroke;Stroke;1
3818;Stroke;Stroke;1
3819;Stroke;Stroke;1
3820;Stroke;Stroke;1
3821;Stroke;Stroke;1
3822;Stroke;Stroke;1
3823;Stroke;Stroke;1
3824;Stroke;Stroke;1
3825;Stroke;Stroke;1
3826;Stroke;Stroke;1
3827;Stroke;Stroke;1
3828;Stroke;Stroke;1
3829;Stroke;Stroke;1
3830;Stroke;Stroke;1
3831;Stroke;Stroke;1
3832;Stroke;Stroke;1
3833;Stroke;Stroke;1
3834;Stroke;Stroke;1
3835;Stroke;Stroke;1
3836;Stroke;Stroke;1
3837;Stroke;Stroke;1
3838;Stroke;Stroke;1
3839;Stroke;Stroke;1
3840;Stroke;Stroke;1
3841;Stroke;Stroke;1
3842;Stroke;Stroke;1
3843;Stroke;Stroke;1
3844;Stroke;Stroke;1
3845;Stroke;Stroke;1
3846;Stroke;Retraction;0
3847;Stroke;Retraction;0
3848;Stroke;Retraction;0
3849;Stroke;Retraction;0
3850;Stroke;Retraction;0
3851;Stroke;Retraction;0
3852;Stroke;Retraction;0
3853;Stroke;Retraction;0
3854;Stroke;Preparation;0
3855;Stroke;Preparation;0
3856;Stroke;Preparation;0
3857;Stroke;Preparation;0
3858;Stroke;Preparation;0
3859;Stroke;Preparation;0
3860;Stroke;Preparation;0
3861;Stroke;Preparation;0
3862;Stroke;Preparation;0
3863;Stroke;Preparation;0
3864;Stroke;Preparation;0
3865;Stroke;Preparation;0
3866;Stroke;Preparation;0
3867;Stroke;Stroke;1
3868;Stroke;Stroke;1
3869;Stroke;Stroke;1
3870;Stroke;Stroke;1
3871;Stroke;Stroke;1
3872;Stroke;Stroke;1
3873;Stroke;Stroke;1
3874;Stroke;Stroke;1
3875;Stroke;Stroke;1
3876;Stroke;Stroke;1
3877;Stroke;Stroke;1
3878;Stroke;Stroke;1
3879;Stroke;Stroke;1
3880;Stroke;Stroke;1
3881;Stroke;Stroke;1
3882;Stroke;Stroke;1
3883;Stroke;Stroke;1
3884;Stroke;Stroke;1
3885;Stroke;Stroke;1
3886;Stroke;Stroke;1
3887;Stroke;Stroke;1
3888;Stroke;Stroke;1
3889;Stroke;Stroke;1
3890;Stroke;Stroke;1
3891;Stroke;Stroke;1
3892;Stroke;Stroke;1
3893;Stroke;Stroke;1
3894;Stroke;Stroke;1
3895;Stroke;Stroke;1
3896;Stroke;Stroke;1
3897;Stroke;Stroke;1
3898;Stroke;Stroke;1
3899;Stroke;Stroke;1
3900;Stroke;Stroke;1
3901;Stroke;Stroke;1
3902;Retraction;Retraction;1
3903;Retraction;Retraction;1
3904;Retraction;Retraction;1
3905;Retraction;Retraction;1
3906;Retraction;Retraction;1
3907;Retraction;Retraction;1
3908;Retraction;Retraction;1
3909;Retraction;Retraction;1
3910;Retraction;Retraction;1
3911;Retraction;Retraction;1
3912;Retraction;Retraction;1
3913;Rest;Retraction;0
3914;Rest;Preparation;0
3915;Rest;Preparation;0
3916;Rest;Preparation;0
3917;Rest;Preparation;0
3918;Rest;Preparation;0
3919;Rest;Preparation;0
3920;Rest;Preparation;0
3921;Rest;Preparation;0
3922;Rest;Preparation;0
3923;Preparation;Preparation;1
3924;Preparation;Preparation;1
3925;Preparation;Preparation;1
3926;Preparation;Preparation;1
3927;Preparation;Preparation;1
3928;Preparation;Preparation;1
3929;Preparation;Preparation;1
3930;Preparation;Preparation;1
3931;Preparation;Preparation;1
3932;Preparation;Preparation;1
3933;Preparation;Preparation;1
3934;Preparation;Preparation;1
3935;Preparation;Preparation;1
3936;Preparation;Preparation;1
3937;Stroke;Stroke;1
3938;Stroke;Stroke;1
3939;Stroke;Stroke;1
3940;Stroke;Stroke;1
3941;Stroke;Stroke;1
3942;Stroke;Stroke;1
3943;Stroke;Stroke;1
3944;Stroke;Stroke;1
3945;Stroke;Stroke;1
3946;Stroke;Stroke;1
3947;Stroke;Stroke;1
3948;Stroke;Stroke;1
3949;Stroke;Stroke;1
3950;Stroke;Retraction;0
3951;Stroke;Retraction;0
3952;Stroke;Retraction;0
3953;Stroke;Retraction;0
3954;Stroke;Retraction;0
3955;Stroke;Retraction;0
3956;Retraction;Retraction;1
3957;Retraction;Retraction;1
3958;Retraction;Retraction;1
3959;Retraction;Retraction;1
3960;Retraction;Retraction;1
3961;Retraction;Retraction;1
3962;Retraction;Retraction;1
3963;Retraction;Rest;0
3964;Retraction;Rest;0
3965;Retraction;Rest;0
3966;Retraction;Rest;0
3967;Retraction;Rest;0
3968;Rest;Rest;1
3969;Rest;Rest;1
3970;Rest;Rest;1
3971;Rest;Rest;1
3972;Rest;Rest;1
3973;Rest;Rest;1
3974;Rest;Rest;1
3975;Rest;Rest;1
3976;Rest;Rest;1
3977;Rest;Rest;1
3978;Rest;Rest;1
3979;Rest;Rest;1
3980;Rest;Rest;1
3981;Rest;Rest;1
3982;Rest;Rest;1
3983;Rest;Rest;1
3984;Rest;Rest;1
3985;Rest;Rest;1
3986;Rest;Rest;1
3987;Rest;Rest;1
3988;Rest;Rest;1
3989;Rest;Rest;1
3990;Rest;Rest;1
3991;Rest;Rest;1
3992;Rest;Rest;1
3993;Rest;Rest;1
3994;Rest;Rest;1
3995;Rest;Rest;1
3996;Rest;Rest;1
3997;Rest;Rest;1
3998;Rest;Rest;1
3999;Rest;Rest;1
4000;Rest;Rest;1
4001;Rest;Rest;1
4002;Rest;Rest;1
4003;Rest;Rest;1
4004;Rest;Rest;1
4005;Rest;Rest;1
4006;Rest;Rest;1
4007;Rest;Rest;1
4008;Rest;Rest;1
4009;Rest;Rest;1
4010;Rest;Rest;1
4011;Rest;Rest;1
4012;Rest;Rest;1
4013;Rest;Rest;1
4014;Rest;Rest;1
4015;Rest;Rest;1
4016;Rest;Rest;1
4017;Rest;Rest;1
4018;Rest;Rest;1
4019;Rest;Rest;1
4020;Rest;Rest;1
4021;Rest;Rest;1
4022;Rest;Rest;1
4023;Rest;Rest;1
4024;Rest;Rest;1
4025;Rest;Rest;1
4026;Rest;Rest;1
4027;Rest;Rest;1
4028;Rest;Rest;1
4029;Rest;Rest;1
4030;Rest;Rest;1
4031;Rest;Rest;1
4032;Rest;Rest;1
4033;Rest;Rest;1
4034;Rest;Rest;1
4035;Rest;Rest;1
4036;Rest;Rest;1
4037;Rest;Rest;1
4038;Rest;Rest;1
4039;Rest;Rest;1
4040;Rest;Rest;1
4041;Rest;Rest;1
4042;Rest;Rest;1
4043;Rest;Rest;1
4044;Rest;Rest;1
4045;Rest;Rest;1
4046;Rest;Rest;1
4047;Rest;Rest;1
4048;Rest;Rest;1
4049;Rest;Rest;1
4050;Rest;Rest;1
4051;Rest;Preparation;0
4052;Preparation;Preparation;1
4053;Preparation;Preparation;1
4054;Preparation;Preparation;1
4055;Preparation;Preparation;1
4056;Preparation;Preparation;1
4057;Preparation;Preparation;1
4058;Preparation;Preparation;1
4059;Preparation;Preparation;1
4060;Preparation;Preparation;1
4061;Preparation;Preparation;1
4062;Preparation;Preparation;1
4063;Preparation;Preparation;1
4064;Preparation;Preparation;1
4065;Stroke;Preparation;0
4066;Stroke;Stroke;1
4067;Stroke;Stroke;1
4068;Stroke;Stroke;1
4069;Stroke;Stroke;1
4070;Stroke;Stroke;1
4071;Stroke;Stroke;1
4072;Stroke;Stroke;1
4073;Stroke;Stroke;1
4074;Stroke;Stroke;1
4075;Stroke;Stroke;1
4076;Stroke;Preparation;0
4077;Stroke;Preparation;0
4078;Stroke;Preparation;0
4079;Stroke;Preparation;0
4080;Stroke;Preparation;0
4081;Stroke;Preparation;0
4082;Stroke;Preparation;0
4083;Stroke;Preparation;0
4084;Stroke;Preparation;0
4085;Stroke;Stroke;1
4086;Stroke;Stroke;1
4087;Stroke;Stroke;1
4088;Stroke;Stroke;1
4089;Stroke;Stroke;1
4090;Stroke;Stroke;1
4091;Stroke;Stroke;1
4092;Stroke;Stroke;1
4093;Stroke;Stroke;1
4094;Stroke;Stroke;1
4095;Stroke;Stroke;1
4096;Stroke;Stroke;1
4097;Stroke;Stroke;1
4098;Stroke;Stroke;1
4099;Stroke;Stroke;1
4100;Stroke;Stroke;1
4101;Stroke;Stroke;1
4102;Stroke;Stroke;1
4103;Stroke;Stroke;1
4104;Stroke;Stroke;1
4105;Stroke;Stroke;1
4106;Stroke;Stroke;1
4107;Stroke;Stroke;1
4108;Stroke;Stroke;1
4109;Stroke;Stroke;1
4110;Stroke;Stroke;1
4111;Stroke;Stroke;1
4112;Stroke;Stroke;1
4113;Stroke;Stroke;1
4114;Stroke;Stroke;1
4115;Stroke;Stroke;1
4116;Stroke;Stroke;1
4117;Stroke;Stroke;1
4118;Stroke;Stroke;1
4119;Stroke;Stroke;1
4120;Stroke;Stroke;1
4121;Stroke;Stroke;1
4122;Stroke;Stroke;1
4123;Stroke;Stroke;1
4124;Stroke;Stroke;1
4125;Stroke;Stroke;1
4126;Stroke;Stroke;1
4127;Stroke;Stroke;1
4128;Stroke;Stroke;1
4129;Stroke;Stroke;1
4130;Stroke;Stroke;1
4131;Stroke;Stroke;1
4132;Stroke;Stroke;1
4133;Stroke;Stroke;1
4134;Stroke;Stroke;1
4135;Stroke;Stroke;1
4136;Stroke;Stroke;1
4137;Stroke;Stroke;1
4138;Stroke;Stroke;1
4139;Stroke;Stroke;1
4140;Stroke;Stroke;1
4141;Stroke;Stroke;1
4142;Stroke;Stroke;1
4143;Stroke;Stroke;1
4144;Stroke;Stroke;1
4145;Stroke;Stroke;1
4146;Stroke;Stroke;1
4147;Stroke;Stroke;1
4148;Stroke;Stroke;1
4149;Stroke;Stroke;1
4150;Stroke;Stroke;1
4151;Stroke;Stroke;1
4152;Stroke;Stroke;1
4153;Stroke;Stroke;1
4154;Stroke;Stroke;1
4155;Stroke;Stroke;1
4156;Stroke;Stroke;1
4157;Stroke;Stroke;1
4158;Stroke;Retraction;0
4159;Stroke;Retraction;0
4160;Stroke;Retraction;0
4161;Stroke;Retraction;0
4162;Stroke;Retraction;0
4163;Stroke;Retraction;0
4164;Stroke;Retraction;0
4165;Stroke;Retraction;0
4166;Stroke;Retraction;0
4167;Stroke;Retraction;0
4168;Stroke;Retraction;0
4169;Stroke;Retraction;0
4170;Stroke;Retraction;0
4171;Stroke;Retraction;0
4172;Stroke;Retraction;0
4173;Stroke;Retraction;0
4174;Stroke;Preparation;0
4175;Stroke;Preparation;0
4176;Stroke;Preparation;0
4177;Stroke;Preparation;0
4178;Stroke;Preparation;0
4179;Stroke;Preparation;0
4180;Stroke;Preparation;0
4181;Stroke;Preparation;0
4182;Stroke;Preparation;0
4183;Stroke;Preparation;0
4184;Stroke;Preparation;0
4185;Stroke;Preparation;0
4186;Stroke;Preparation;0
4187;Stroke;Preparation;0
4188;Stroke;Preparation;0
4189;Stroke;Preparation;0
4190;Stroke;Preparation;0
4191;Stroke;Preparation;0
4192;Stroke;Preparation;0
4193;Stroke;Preparation;0
4194;Stroke;Stroke;1
4195;Stroke;Stroke;1
4196;Stroke;Stroke;1
4197;Stroke;Stroke;1
4198;Stroke;Stroke;1
4199;Stroke;Stroke;1
4200;Stroke;Stroke;1
4201;Stroke;Stroke;1
4202;Stroke;Stroke;1
4203;Stroke;Stroke;1
4204;Stroke;Stroke;1
4205;Stroke;Stroke;1
4206;Stroke;Stroke;1
4207;Stroke;Stroke;1
4208;Stroke;Stroke;1
4209;Stroke;Stroke;1
4210;Stroke;Stroke;1
4211;Stroke;Stroke;1
4212;Stroke;Stroke;1
4213;Stroke;Stroke;1
4214;Stroke;Stroke;1
4215;Stroke;Stroke;1
4216;Stroke;Stroke;1
4217;Stroke;Stroke;1
4218;Stroke;Stroke;1
4219;Stroke;Stroke;1
4220;Stroke;Retraction;0
4221;Stroke;Retraction;0
4222;Stroke;Retraction;0
4223;Stroke;Retraction;0
4224;Stroke;Retraction;0
4225;Stroke;Retraction;0
4226;Stroke;Retraction;0
4227;Stroke;Retraction;0
4228;Stroke;Preparation;0
4229;Stroke;Preparation;0
4230;Stroke;Preparation;0
4231;Stroke;Preparation;0
4232;Stroke;Preparation;0
4233;Stroke;Preparation;0
4234;Stroke;Preparation;0
4235;Stroke;Preparation;0
4236;Stroke;Preparation;0
4237;Stroke;Stroke;1
4238;Stroke;Stroke;1
4239;Stroke;Stroke;1
4240;Stroke;Stroke;1
4241;Stroke;Stroke;1
4242;Stroke;Stroke;1
4243;Stroke;Stroke;1
4244;Stroke;Stroke;1
4245;Stroke;Stroke;1
4246;Stroke;Stroke;1
4247;Stroke;Stroke;1
4248;Stroke;Stroke;1
4249;Stroke;Stroke;1
4250;Stroke;Stroke;1
4251;Stroke;Stroke;1
4252;Stroke;Stroke;1
4253;Stroke;Stroke;1
4254;Stroke;Stroke;1
4255;Stroke;Stroke;1
4256;Stroke;Stroke;1
4257;Stroke;Stroke;1
4258;Stroke;Stroke;1
4259;Stroke;Stroke;1
4260;Stroke;Stroke;1
4261;Stroke;Stroke;1
4262;Stroke;Stroke;1
4263;Stroke;Stroke;1
4264;Stroke;Stroke;1
4265;Stroke;Stroke;1
4266;Stroke;Stroke;1
4267;Stroke;Stroke;1
4268;Stroke;Stroke;1
4269;Stroke;Stroke;1
4270;Stroke;Stroke;1
4271;Stroke;Stroke;1
4272;Stroke;Stroke;1
4273;Stroke;Stroke;1
4274;Stroke;Stroke;1
4275;Stroke;Stroke;1
4276;Stroke;Retraction;0
4277;Stroke;Retraction;0
4278;Stroke;Retraction;0
4279;Stroke;Retraction;0
4280;Stroke;Retraction;0
4281;Stroke;Retraction;0
4282;Stroke;Retraction;0
4283;Stroke;Retraction;0
4284;Stroke;Retraction;0
4285;Stroke;Retraction;0
4286;Stroke;Retraction;0
4287;Stroke;Retraction;0
4288;Stroke;Retraction;0
4289;Stroke;Retraction;0
4290;Stroke;Retraction;0
4291;Stroke;Retraction;0
4292;Stroke;Retraction;0
4293;Stroke;Retraction;0
4294;Stroke;Retraction;0
4295;Stroke;Retraction;0
4296;Stroke;Retraction;0
4297;Stroke;Retraction;0
4298;Stroke;Retraction;0
4299;Stroke;Retraction;0
4300;Stroke;Retraction;0
4301;Stroke;Retraction;0
4302;Stroke;Retraction;0
4303;Stroke;Retraction;0
4304;Stroke;Retraction;0
4305;Stroke;Retraction;0
4306;Stroke;Retraction;0
4307;Stroke;Retraction;0
4308;Stroke;Retraction;0
4309;Stroke;Retraction;0
4310;Stroke;Retraction;0
4311;Stroke;Retraction;0
4312;Retraction;Retraction;1
4313;Retraction;Retraction;1
4314;Retraction;Retraction;1
4315;Retraction;Retraction;1
4316;Retraction;Retraction;1
4317;Retraction;Retraction;1
4318;Retraction;Retraction;1
4319;Retraction;Retraction;1
4320;Retraction;Retraction;1
4321;Retraction;Retraction;1
4322;Retraction;Retraction;1
4323;Retraction;Rest;0
4324;Retraction;Rest;0
4325;Retraction;Rest;0
4326;Retraction;Rest;0
4327;Rest;Rest;1
4328;Rest;Rest;1
4329;Rest;Rest;1
4330;Rest;Rest;1
4331;Rest;Rest;1
4332;Rest;Rest;1
4333;Rest;Rest;1
4334;Rest;Rest;1
4335;Rest;Rest;1
4336;Rest;Rest;1
4337;Rest;Rest;1
4338;Rest;Rest;1
4339;Rest;Rest;1
4340;Rest;Rest;1
4341;Rest;Rest;1
4342;Rest;Rest;1
4343;Rest;Rest;1
4344;Rest;Rest;1
4345;Rest;Rest;1
4346;Rest;Rest;1
4347;Rest;Rest;1
4348;Rest;Rest;1
4349;Rest;Rest;1
4350;Rest;Rest;1
4351;Rest;Rest;1
4352;Rest;Rest;1
4353;Rest;Rest;1
4354;Rest;Rest;1
4355;Rest;Rest;1
4356;Rest;Rest;1
4357;Rest;Rest;1
4358;Rest;Rest;1
4359;Rest;Rest;1
4360;Rest;Rest;1
4361;Rest;Rest;1
4362;Rest;Rest;1
4363;Rest;Rest;1
4364;Rest;Rest;1
4365;Rest;Rest;1
4366;Rest;Rest;1
4367;Rest;Rest;1
4368;Rest;Rest;1
4369;Rest;Rest;1
4370;Rest;Rest;1
4371;Rest;Rest;1
4372;Rest;Rest;1
4373;Rest;Rest;1
4374;Rest;Rest;1
4375;Rest;Rest;1
4376;Rest;Rest;1
4377;Rest;Rest;1
4378;Rest;Rest;1
4379;Rest;Rest;1
4380;Rest;Rest;1
4381;Rest;Rest;1
4382;Rest;Rest;1
4383;Rest;Rest;1
4384;Rest;Rest;1
4385;Rest;Rest;1
4386;Rest;Rest;1
4387;Rest;Rest;1
4388;Rest;Rest;1
4389;Rest;Rest;1
4390;Rest;Rest;1
4391;Rest;Rest;1
4392;Rest;Rest;1
4393;Rest;Rest;1
4394;Rest;Rest;1
4395;Rest;Rest;1
4396;Rest;Rest;1
4397;Rest;Rest;1
4398;Rest;Rest;1
4399;Rest;Rest;1
4400;Rest;Rest;1
4401;Rest;Rest;1
4402;Rest;Rest;1
4403;Rest;Rest;1
4404;Rest;Rest;1
4405;Rest;Rest;1
4406;Rest;Rest;1
4407;Rest;Rest;1
4408;Rest;Rest;1
4409;Rest;Rest;1
4410;Rest;Rest;1
4411;Rest;Rest;1
4412;Rest;Rest;1
4413;Rest;Rest;1
4414;Rest;Rest;1
4415;Rest;Rest;1
4416;Rest;Rest;1
4417;Rest;Rest;1
4418;Rest;Rest;1
4419;Rest;Rest;1
4420;Rest;Rest;1
4421;Rest;Rest;1
4422;Rest;Rest;1
4423;Rest;Rest;1
4424;Rest;Rest;1
4425;Rest;Rest;1
4426;Rest;Rest;1
4427;Rest;Rest;1
4428;Rest;Rest;1
4429;Rest;Rest;1
4430;Rest;Rest;1
4431;Rest;Rest;1
4432;Rest;Rest;1
4433;Rest;Rest;1
4434;Rest;Rest;1
4435;Rest;Rest;1
4436;Rest;Rest;1
4437;Rest;Rest;1
4438;Rest;Rest;1
4439;Rest;Rest;1
4440;Rest;Rest;1
4441;Rest;Rest;1
4442;Rest;Rest;1
4443;Rest;Rest;1
4444;Rest;Rest;1
4445;Rest;Rest;1
4446;Rest;Rest;1
4447;Rest;Rest;1
4448;Rest;Rest;1
4449;Rest;Rest;1
4450;Rest;Rest;1
4451;Rest;Rest;1
4452;Rest;Rest;1
4453;Rest;Rest;1
4454;Rest;Rest;1
4455;Rest;Rest;1
4456;Rest;Rest;1
4457;Rest;Rest;1
4458;Rest;Rest;1
4459;Rest;Rest;1
4460;Rest;Rest;1
4461;Rest;Rest;1
4462;Rest;Rest;1
4463;Rest;Rest;1
4464;Rest;Rest;1
4465;Rest;Rest;1
4466;Rest;Rest;1
4467;Rest;Rest;1
4468;Rest;Rest;1
4469;Rest;Rest;1
Metric;Agreement;Disagreement_metric;Disagreement_coders
nominal;0.613;38.70%;29.02%
interval;0.722;27.80%;29.02%
ratio;0.799;20.10%;29.02%